text,label
"Decepcionante
Solo se pega a la pantalla por los extremos, en consecuencia se veía mal la pantalla en el centro",0
"Sospecho que viene de segunda mano
La pantalla viene con pequeños arañazos de uso y sin plastico protector. Al iniciarla por primera vez ya estaba configurada.",0
"No me ha gustado.
No me ha gustado apenas. Las tapas que va encima de la jaula con los tubos no encajan bien. No viene bebedero.",0
"SOLO SE RECIBE UN MODELO DE LOS DOS QUE APARECEN EN LA IMAGEN
En la descripción del producto aparece en número de piezas: 8 piezas, por lo que esperaba recibir los dos modelos como viene en la imagen. Muy caro para un solo modelo.",0
"ser biodegradables
son agradables al tacto",0
"Nada que ver con pandora
No son de pandora, son grandes para dicha pulsera, a la vez de anchos, al uso diario se hace incómodo.",0
"Decepcionante.
Al principio, todo bien. Pero a los 3 meses de uso solo se escucha por un lado. Lo compré porque ya tenía uno anteriormente y me dio buen resultado, pero esta vez no.",0
"Antonio
Le doy dos estrellas porque pensaba que olian mas .No se aprecia para nada el olor a lavanda. Los puse todos en el armario y no huele nada",0
"Defectuoso
Venía defectuoso, lo he devuelto",0
"precio-producto
es bastante completo, los filtros todos ellos hacen muy bien su funcion junto con el parasol, las lentes de aumento para macro, no enfocan bien por mucho que quieras no hace buenas tomas con estas lentes, (saca mejores tomas la camara en modo macro que si le pones estas lentes), en cuanto al tele, si que es cierto que aumenta algo , pero no es gran cosa, ademas tanto el gran angular como el tele distorsiona la imagen la hace curva tipo al ojo de pez pero en menos proporcion y con aberracion cromatica, el gran angular se nota muy poco ese gran angulo que dice que tiene, pero como decia antes, no es gran maravilla, a favor tengo que decir que por el precio que tiene , no se le puede exigir demasiado, yo soy principiante en esto de la fotografia pero muy exigente en la misma, y esto no me convence.",0
"Producto con muchas carencias
No lleva ventilador por lo que el hueco que lleva es de pega para confundir. En cuanto al colocar los discos no dispone de ninguna guia para insertar los discos de 2.5 Tanto el disco de 2.5 como el de 3.5 no caben en el interior por lo que se quedan parte fuera con el riesgo de darle algun golpe No dispone de sistema de extracción de los discos por lo que hay que extraerlos estirando directamente de ellos,",0
"Servicio postventa pésimo
El aparato ha funcionado perfectamente durante un año y poco, pero ahora que tengo problemas con las cuchillas el servicio postventa solo hace que ponerme problemas para solucionarlo (fotos, videos, explicaciones...) y sigo igual. he decidido comprarme otro de otra marca más seria y que cumpla con la garantía.",0
"Defraudado
Compré el primer volúmen pensando que era completo. Sumado a éste, valen casi como el cómic original.",0
"Tapa no cierra
Lo demás bien pero la tapa no cierra. Se queda abierta siempre porque no encaja bien.",0
"Luz para patio
Lucen todos, pero no con la misma intensidad. Regular!!!",0
"cada dos días hay que cambiarlas
Pues eso, que en mi e-cigar venían 2 y como no me duraron nada y sabía a quemado que tiraba para atrás pillé este pack para probar y veo que pasa lo mismo, duran unos 2 días aproximadamente, luego empiezan a saber a quemado que te destroza. Está claro que estos atomizadores de mecha son todos una castaña y un saca cuartos.",0
"No es lo que me esperaba.
No es la primera vez que pongo un protector de pantalla a un móvil y he tenido que poner dos de protectores y aún así no acaba de quedar bien, como podréis apreciar en la foto las juntas no acaban de quedar bien. No he quedado contenta con el producto por este motivo, lo podréis apreciar en las foto.",0
"Magdalena F
La serie es una pasada, ya la vi en televisión pero el pack me llegó con un DVD suelto y hubo 2 capítulos que no pude ver enteros, estaba rallado.",0
"Juan Parra
Buenos días, la verdad es que el bolso ha venido muy deteriorado es decir totalmente arrugado y en muy malas condiciones, como si fuera viejo y mal cuidado.(no me ha gustado nada.)",0
"Retraso en envío
1 mes y medio y aún no me ha llegado... No volveré a comprar",0
"Mala calidad
La primera impresión una vez sacado de la caja, ya te das cuenta que es de mala calidad. Soportes de plástico de aspecto duro y frágil. Después por si fuera poco a mi me llegó defectuoso y tuve que devolverlo, ya que tenía que chillar para que registrara algún sonido con el. Por lo que lo devolví y compre otra marca, que me va perfecto.",0
"duro poco...
fácil de montar si hubiesen venido todas las piezas",0
"No lo recomiendo
No lo recomiendo para nada,super enclenque,no es un porta fotos,tienes que apoyarlo...muy mala calidad...le doy una estrella pq sino no puedo opinar",0
"Os ha dado por un tweet mio del 16 de agosto a la hora de dormir cabrones, tendré que silenciar el movil",0
"a ver como queda.....
parece que todo iba bien pero el sobrecito final que hay que echarle lleva dos dis y no se ha secado todavia..............",0
"Bonito pero fragil
Lo compré para un disfraz y estéticamente esta muy bien pero las cuerdas no las intentes tensar porque se rompen a la mínima. Y si no las tensas no suena nada...",0
"No corresponde bien al tamaño y no me ha servido para nada
Es una mierda la verdad. No pega nada",0
"No me convence la calidad
Producto muy corriente, cada vez que utilizamos los dardos rompemos tres o cuatro puntas.., y los dardos rebotan muchas veces sin clavarse. La zona de mejor rendimiento (clavado) es el círculo exterior de la Diana",0
"Sin agujero para el flash
Pedimos esta funda ya que ponía que era compatible para Samsung Galaxy J7, pero no tiene agujero para el flash. De haberlo sabido no la hubiéramos comprado nunca. Y nos hemos cuenta cuando se ha pasado el periodo de devolución.",0
"No vale nada.
Con luz diurna no puedes ver nada del reflejo del movil en la pantalla.",0
"Muy mal
No es lo que pedí. Queda pequeño y no encajan los ""agujeros"". Puesto que no son agujeros, esta abierto por la parte de arriba dejando un espacio sin proteger",0
"Malos
En un mes dejo de funcionar",0
"muy mala calidad y mas pequeño que en las fotos
no me a gustado nada , en las fotos sale mas grande de lo que es y la calidad es baja , muy poco realista y encima para devolverlo tienes que pagar portes nada recomendable",0
"NO CUMPLE CON LA GARANTIA
No tiene ni un año de huso y ya deja de funcionar una serie de botones principalmente el ok que es uno de los fundamentales.",0
"Mejorable
Buena calidad pero venía con una marca en la cabeza, como un defecto",0
"No es impermeable
Funciona perfectamente pero no es impermeable le entra agua por las tomas usb",0
"Bueno, no está mal.
Me venía uno seco, sin tinta. Veremos a ver lo que aguanta una vez lavado...",0
"Evita comprar esto
No funciona, es una tomadura de pelo, ademas esta hecho de una forma que en todas las doc station el movil se queda al reves. Dicho esto y teniendo en cuenta que no funciona, no lo compres.",0
"Fatal!!!!
Llevo esperando 10 días después de la fecha de llegada ( Se perdió).",0
"Pésimo
No le pongo menos estrellas porque no es posible. Con el cabezal original de Samsung y el cable este... y en vez de cargar el móvil me los descarga. Lo compré por las buenas opiniones, pero ya veo la fiabilidad de las mismas.",0
"Poco recomendado
Mucha desincronizacion con la realidad poca presicion",0
"Imposible cambiarla
La compré hace un mes y medio y no coinciden los dibujos que pedí con los que me trajeron aun no la he sacado de la bola, es imposible devolverla ni por dinero ni por otro modelo , FATAL",0
"Decepcionante
Lo compré porque se suponía que funciona por Bluetooth, no es así. Lo devolveré porque no me sirve. Envío rápido y en buenas condiciones",0
"Entrega del producto pésima.
No se cumple con la fecha de entrega y eso que es fecha de entrega garantizada!! La jaula esta bien como en la foto.",0
"La empresa de transporte no ha tenido cuidado
El paquete me llegó roto y aplastado. Gracias a Dios, el micrófono no estaba dañado. Aún así el producto no parece nuevo ya q tiene alguna rozadura en la parte de atrás. Como si hubiera estado expuesto en algún sitio. De todas formas, funciona bien y me lo quedo ya que es un regalo para papá noel. Pero creo q no debería de haberse vendido como nuevo.",0
"Mala calidad
Mala calidad y pequeños",0
"Gema aguilar
No me llega Mucho me dicen fechas y aquí no llega absolutamente nada Ahora a esperar a qué me vuelvan a decir una fecha",0
"no funciona en mi inducción
aunque en la descripción pone que és válida para inducción, en la mía y la de mi vecina no funciona",0
"Pantalla delicada
Llega la pantalla, la repongo, y todo perfecto. No pega del todo bien pero bueno, queda como nuevo. Compro una funda y al ponerla...crack!! Se parte la pantalla con la mirada. En mi opinión mala calidad.",0
"No funcionaba
El producto llego bien embalado, pero a la hora de funcionar, no iba, y pedi la devolucion. Asi que decidi cambiar por otro modelo",0
"No lo compreis.
Yo lo he devuelto, el dron con los protectores de elices vibra muchisimo, perdiendo estabilidad. Lo demuestro cuando querais. Los otros accesorios van bien.",0
"No va bien
No queda rizado en absoluto.",0
"Cierre Malo
La pulsera parece mas gorda que el cierre de metal, no encaja bien y el cierre incomoda la muñeca. No puedo usarla",0
"Luis
Si tienes las rejillas de ventilación muy rectas el móvil se queda un poco mirando hacia abajo No se puede regular en altura",0
"No enciende
Hola el producto llego en el tiempo correcto pero al abrirla, enchufarla durante una 1h e intentar usarla no responde, deberia mostrar que hay que hacer link con el telefono pero nada. Intenté conectarlo al ordenador y tampoco. Lo tendré que devolver!",0
"Adaptador Antena WiFi USB 3.0 600Mbps Receptor 802.11AC
Poco aumento de señal",0
"Rayado al primer uso
Rayado al primer uso, solo de ir en el bolso sin llaves ni nada q rozase. Cartera, Kleenex y paraguas con funda sin nada q rozase. Decepcionada con la calidad. Esperaba q resistiese algo más...",0
"No dejan olor
Huele muchisimo el paquete. Pero al poner la toallita en la secadora no deja absolutamente nada de olor.",0
"Buenos. Se oyes bien y muy comodos. Pero me han durado 3 meses. Se dejo de oir un auricular.
Buenos. Se oyes bien y muy comodos. Pero me han durado 3 meses. Se dejo de oir un auricular. Creo que los volvere a comprar.",0
"Libro de cuentos para conocerse mejor
La selección de cuentos es bonita, y repasa los clásicos. Sin embargo los comentarios del autor resultan un poco pesados.",0
"Inútil y mal hecho
No sirve para nada. Se sale el hielo por todas partes y lo tuve que tirar",0
"Fuera de plazo
Fuera de plazo el primer intento de entrega, ya que se suponía que llegaba antes de halloween. Finalmente no recibida.",0
"No va bien
No se que abre hecho mal pero se me pulsan los dos botones a la vez,las instrucciones las he seguido....",0
"Sujetador lactancia
Calidad un poco mala pero que se espera pars lo q vale",0
"IBA MUY BIEN HASTA QUE SE ROMPIÓ
Estavamos muy contentos con la ducha, ya que aumentaba la presión considerablemente y no es demasiado grande. A los 4 meses se ha roto sin motivo aparente el dosificador, creo que de la propia presión, al ser de plástico... ya que nunca nos ha caido ni se ha golpeado. Ahora es totalmente inservible.",0
"Torno
Presenta un fallo en la conexión entre el cable de alimentación y el aparato. He comprado 2 en diferentes periodos de tiempo y les pas a lo mismo. Por lo demás cumple su función",0
"Producto en mal estado
La barriga venía pinchada, tube que ponerle un parche. Por lo demás cumplió con mis expectativas",0
"Eficacia regular
No siempre engancha para cargar pero la idea es muy cómoda y útil . Debería mejorar sólo en eso",0
"mala calidad
al poco de comprarla empezo a despegarse me esperaba mas de una funda oficial mi marido esta muy disgustado con la compra",0
"INFORMACIÓN URGENTE
Este humidificador de la noche a la mañana, ya no enciende ni siquiera..... Cómo reclamo la garantía? Gracias",0
"No ha llegado
Todavía no ha llegado",0
"Calidad pésima
El diseño es original pero el material es muy malo y la calidad pésima. Venía rajado y se rompió al abrirlo. Lo he devuelto y no pienso comprar otro, es de plástico de muy baja calidad y no creo que pueda cumplir su función. No lo aconsejo de ninguna manera.",0
"El resultado
No he quedado contento con el producto, el resultado no ha sido el esperado, me quedo con la duda si hubiera consumido más tiempo hubiera sido efectivo.",0
"Tardanza esterna
El pienso es de una calidad buenísima. Que pena que es segunda vez que compro y lleva más de una semana de retraso.",0
"Muy mala calidad
Pese a tener una calidad de audio aceptable, tras el paso de 1 mes se estropearon y dejó de escucharse un auricular.",0
"DECEPCIONANTE
Bochornoso después del tiempo de espera me mandaron un producto que para nada era lo que esperaba",0
"No muy bueno
Lo he probado en un par de cosas y no sujeta tal como esperaba",0
"Muy pequeños
Muy pequeños se adhieren bien",0
"Venían al revés malo malo
Malísimo y en mal estado",0
"Desgaste muy rapido
Despues de varios dias de uso,el desgaste en los dientes es considerable.El material del acero no es muy bueno.Vale la pena pagar un poco mas por una marca conocida a no ser que le des un uso no profesional.",0
"muy caro para lo que es
Lo compré para colgar y descolgar las perchas que están altas pero la barra telescópica no se sujeta cuando está extendida. El mecanismo es tan simple como el de un mango de fregona telescópico pero no funciona bien. He tenido que ponerle una cinta aislante para dejarlo fijado a la altura que me interesa. La verdad es que es una barrita bastante endeble. Si no fuera porque estoy escayolada y no puedo salir a comprarlo a la calle no lo habría pedido ya que me ha costado cinco veces más que en un comercio normal.",0
"2 semanas y sin usar. Ya cambiaré mi opinión o no
No trae pilas y eso es un rollo andar buscando",0
"no me llego pedido
no me llego el pedido",0
"Bonita y barata, pero no buena.
Aparentemente fantástica y mi hijo encantado, si no fuera porque al segundo día se ha roto la cremallera, pero ya veo que no hemos sido los únicos. Duele más su disgusto que lo que costó. Una y no más.",0
"No es vidrio templado
Se vende como protector de vidrio templado, cosa que no es, es de plastico. Esteticamente queda como un guante, encaja perfecto, cubre toda la pantalla, el diseño 3d es perfecto pero no se adhiere bien a la pantalla lo que provoca que la pulsacion no sea buena, por no decir que es pesima, hay que presionar bastante para que el telefono lo reconozca. No lo recomendaria en absoluto.",0
"Una estafa de producto
No es para este móvil, quedan varios milímetros por cada lado.",0
"TALLA EQUIVOCADA
Pedi una talla grande XXXL y me han traido una XL y no me entra. La calidad es correcta pero pequeña. La regalare a alguien que se la pueda poner.",0
"No he podido con él
Empieza de forma interesante pero la historia sentimental entre los 2 personajes principales empalaga, hace que el suspense inicial pierda el interés y con él, mis ganas de seguir leyendo.",0
"Problemático desde el día uno
El producto al primer día dio problemas serios, quizás sea algo puntual que no suela ocurrir, pero fue muy mala señal para ser un móvil nuevo, o sea que lo devolví. El vendedor por suerte no presentó ningún inconveniente y me reembolsó el importe pagado.",0
"No es para tanto
Pensé que iva a ser otra cosa. Suelta más aceite de la que se necesita y pringa todo el bote.",0
"Las ventosas que lleva son de una pésima calidad
Las ventosas que lleva son de una pésima calidad y el velcro falla si hay algo de presión se suelta.No vale, menos mal que no es caro.",0
"E
Algo inservible e incómodo para jugar según el niño. Innecesaria la compra . Más de adorno y juguete q otra cosa",0
"No duran nada
Los olores son muy parecidos unos a otros y duran poquísimo, no los volveré a comprar",0
"Queda pequeña.
No encaja bien en el moto G6 Plus. Falta demasiado espacio por los bordes.",0
"Ni un año
No me a durado ni un año!! Encima no puedes ponerte en contacto con el vendedor",0
"M
La Luz se fundió rápido y hay q tener cuidado en poner la funda y q el botón no lo aprietes, y rellenarlo es incómodo por q la apertura es pequeña",0
"Helly Hansen Logo Cap
El cierre no funciona bien",0
"Mierda
Aun no me ha llegado ;) y el proveedor no me dice nada, aun estoy esperando ya han pasado mas de 15 dias de retraso. :(",0
"Poca calidad
Aunque a mi hija le encantó el conjunto he de decir que los pendientes no se sujetaban para nada y que los lacitos de los guantes se despegaron el primer día de uso. Para carnaval dieron el pego y aunque fue muy barato me supo mal que fueran de tan poca calidad.",0
"Pedido no recibido
Compré el producto el día 21 de agosto y aún no lo he recibido, SEUR España me dice que ya me lo han entregado el día 24 de agosto. Necesito una solución!",0
"Justo
El producto ha llegado en tiempo y embalado perfectamente. El llavero de regalo no ha llegado, no es importante, aunque si se publicita tendrían que tenerlo en cuenta a la hora de su entrega. En cuanto al producto es justo el precio, pero, no veo una opción segura.",0
"No funciona bien,
Llego rápido y tiene buena pinta,pero no tiene sensibilidad ninguna.Cuando doy a la pantalla no detecta el dedo y eso hace que no valga la pena su compra",0
"Comodidad
Esta bien, pero lo auriculares son malisimos, son de usar y tirar, he probado con otros y el sonido es excelente, pero tengo que probar algunos qu se puedan adaptar a el agua.",0
"ESTAFA
La mayor estafa del mundo, increible que sean capaces de comercializar algo asi, dudaba tanto de su efecto cuando lo utilice que probe a encender una de las velas y lo meti en un jarron que tengo con piedras, increible jejeje pero mi jarron tenia cera de oido.... ESTAFADORES",0
"Pequeña
Es muy bonita pero demasiado pequeña,luego m di cuenta que venían las medidas,fue una compra muy rápida,así q la culpa es mía por no leerlo todo,aún así también juega con ella",0
"La boquilla de conexión a la manguera se suelta
La boquilla que trae para acoplar la manguera se suelta del cuerpo cada dos por tres. Lleva unas pestañas muy pequeñas y cualquier mínima presión salta quedando prácticamente suelta del cuerpo. Aparte no hace el vacío bien en el suelo de la piscina, ya que dicha boquilla tiene cuatro rajas verticales que no cubre la manguera de absorción y por ahí se pierde presión de absorción. Para la sujeción con el palo solo trae un tornillo con una palomilla cuando deberían de ser dos.",0
"Sin complicaciones para devolver
No me gustó para nada al menos en mi piso no cogió señal. Cómo siempre devolución fácil y sin complicaciones",0
"Maldo
Los mosquitos y las moscas siguen estando No me gusta",0
"No lo volvería a comprar
En mi mate 20 la luz esta siempre en la encendida no lo identifica bien",0
"Aun no me ha llegado
han pasado 10 dias y aun no lo tengo",0
"Tarda mucho
Le cuesta mucho traducir lo que dices y hay veces que no dice lo mismo que tú dices",0
"Estafa en el pack
Llegan solo tres de tres tallas diferentes",0
"Utilidad.
Son de muy vaja calidad y no ajustan bien.",0
"Carolina
El primer protector tuve que quitarlo porque se quedaba una esquina levantada. El segundo que le puse no tuve ese problema, se acopla bien pero la sensibilidad es malísima. Tardo muchísimo en escribir, no detecta bien el táctil. Vaya yo no lo recomiendo en absoluto, 10 euros tirados a la basura.",0
"No es lo q esperaba
No es lo que esperaba. Muy pequeña y la textura no me gusta demasiado. No la uso mucho, peor por el precio",0
"Maria
Es una pegatina con poca adherencia, por lo que hay que vigilar que no se despegue, pero desde el primer día se estaba despegando por las esquinas",0
"El primer día ya da problemas
Lo compré pensando que era inhalambrico guiandome por la foto. Es con cable, y el primer día ya se queda como enganchado el boton derecho, por lo que salta el cuadro de dialogo cada dos por tres.",0
"Muy malo
3 horas de uso por niños de 8 y 11 años... y balón roto. Y eso que dicen que tiene garantía. Busquen otra marca.",0
"Medida pequeña
Llegó antes de tiempo. La medida, es muy pequeña. Sin ningún tipo de comentarios. Sencillo. Es difícil q cumpla con la espectativas",0
"No ha llegado
Lo pedí el 22 de noviembre y aún sigo esperando. Después de dos meses cancelo el pedido. Muy poca seriedad.",0
"Bonito, comodo y facil de instalar
La uso para la tablet con un cable OTG y va estupendamente, ademas el ratón tiene un compartimento para no perder el receptor usb. EDITO, con menos de dos semanas de uso el boton izquierdo había que pulsar con mucha fuerza y lo devolví.",0
"La calidad de los materiales deja mucho q desear
Lo he vuelto a pedir y bueno he tenido que devolverlo porq uno de ellos venia un poco abierto y empezó a funcionar mal... así q bueno no se si los vuelva a coger porq la verdad hay ya muchas malas opiniones y a mi ya me hace dudar... Porq si... son baratos. Pero a ver si por eso voy a tirar 30 euros a la basura...",0
"Clavija y voltaje americano
Me vino puntual pero con la clavija y el voltaje para usarla en america, a otra persona le ocurrio lo mismo.",0
"El reloj no llega
Continuamos esperando el reloj que supuestamente venía entre el 1 y el 10 de agosto. Lo pedimos el 18 de julio aproximadamente y no sabemos nada.",0
"Bombilla llegago rota!
Ha venido rota!!! Para devolverla demasiado rollo. Han mandado en un paquete enorme, sin proteccion dentro de el...",0
"Xxxxx
Bastante ruino, ...no lo recomiendo, mala calidad",0
"Que no puedo comunicarme con nadie.
El producto me llegó roto y quiero cambiarlo o devolverlo. Estoy esperando que vengan a recogerlo y no viene nadie. Que puedo hacer??",0
"Un asco
Se los compre a ni hermano para navidades, y a dia de hoy, (20 de marzo) ya no funciona uno de los auriculares! Iva a proceder a realizar el cambio o devolucion y resulta que no te dan esa opcion! osea que en 3 meses se estropea y ya te lo tienes que comer con patatas. No lo recomiendo para nada!",0
"No vale para nada
No vale para nada,tan solo para tirar el dinero. Se despega incluso antes de colocar los botes de las especias",0
"No vale para todos los parasoles.
Esta bien, pero no vale para cualquier parasol. Para el C4 cactus no sirve. Se puede apañar, pero es entonces una ñapa y no queda tan bien como debería.",0
"Decepción
Una lástima pero tuve que devolverla. Tacto super suave y confortable pero no llega a alcanzar mucha temperatura si no está en posición máxima.",0
"Patillas sueltas y demasiado oscuras
Muy decepcionado con el producto. Bastante oscuras. Material de plasticucho y las pastillas están demasiado sueltas. No recomendables para un uso a diario.",0
"compré dos sillas iguales y las que me llegaron eran de modelos diferentes
Compré dos sillas iguales, pero las que me llegaron eran de modelos diferentes. Aunque a primera vista parecían iguales, una era de un modelo anterior a la otra y eran diferentes hasta en el montaje. Aunque te tienes que fijar para darte cuenta, la impresión que me resultó no fue buena cuando comprobé que una de las dos era de un modelo de fabricación anterior, llegando incluso a costarme más en el montaje de una que de otra porque era diferente. En una no coincidían los agujeros con los tornillos y la base, pues estaba doblada. Me costó bastante.",0
"Comodidad
La tela es muy fina. Se rompe con facilidad.",0
"Luz amarilla
La luz a pesar de que dice ser blanca, es amarilla.",0
"Decepción
Cuesta montarla y no queda bien cogida si tu muñeca es pequeña. El tacto es bueno",0
"buen precio
no pega bien, la calidad es buena pero las bandas de adhesion muy malas.",0
"NO CUBRE LAS EXPECTATIVAS
No es un producto de muy buena calidad, se adhiere solo por los bordes del cristal, lo que hace que se despegue con facilidad, a parte se nota el pegamento que trae. No lo recomiendo, probare con otros a ver que tal me va. Éste no me funcionó.",0
"Malas
Fatal, solo las he llevado un mes, en un trabajo cómodo, se me han desgastado la planta totalmente, una vergüenza y de baratas nada, bajo ningún concepto las recomiendo",0
"Repelente????
Nada eficaz, lo puse delante de un grupo de gatos grandes y pequeños y ni se movieron del sitio, lo probé en todas las posibilidades.",0
"Muy malo
Muy malo. Pantalla a veces no se van los números. No tiene volumen y, sin embargo, 10 mil tonos distintos que como empieces a probarlo para cambiar tienes que escucharlos todos y, lo peor, como no cuelgues sin cariño y mucho mimo se queda pillado el botón de colgar y cuando lo coges para llamar te tienes que entretener en sacarlo.",0
"Mal
6 meses ha durado. Se ha quemado el motor y ha no funciona. No lo he usado tanto como para que se queme en tan poco tiempo.",0
"No lo recomiendo.
Se suelen despegar. Si mi hijo lo chupa se despega y ya no se puede pegar otra vez.",0
"Queda una burbuja central importante
Como comentan los demás, la primera impresión es buena por el empaquetado, los pañitos. etc. Fue muy fácil de colocar. Los botones de abajo responden perfectamente. Pero, aunque no me percaté de inmediato, en determinado ángulo se ve una burbuja vertical bastante grande. Leyendo el periódico, con fondo claro casi que no se nota, pero en todo lo demás...",0
"TONNER DEFECTUOSO
Despúes de abrirlo y empezar a imprimer esta es la calidad del producto, muy descontento con la experiencia.",0
"ROTO
El grifo llegó a tiempo y su embalaje en buen estado, pero la sorpresa fue que estaba roto... En las imágenes adjuntas se ve la fisura que me ha hecho devolverlo, ya que lo inutilizaba totalmente.",0
"Falta tapón pequeño
Como a muchos otros compradores me viene sin el tapón pequeño, por no andar devolviéndolo te buscas uno peroooo........ da rabia.",0
"Olor a pescado.
La he acabado mezclando con Nidina porque no podía con el olor a pescado. Mi hijo con hambre y no era capaz de tomarselo.",0
"No lo compren
Ha llegado en mal estado la caja toda rota y su folios q están manchado pero por necesidad me lo e quedado",0
Necesito ir a la peluquería pero no quiero ir a un que me deje el pelo horrible como la mayoría,0
"No se ajusta como se indica
Tacto muy bueno. En cuanto la pones la llave queda con juego. No permite cerrar ni abrir la llave, e tenido que recortar una esquina y ahora parece que va bien.",0
"Pitido molesto continuo
Tras 4 meses de uso ha empezado a hacer un molesto pitido continuo, el típico de los condensadores. Aunque siga funcionando bien, ese silbido tan molesto acaba haciéndose insoportable.",0
"Se atrasa demasiado
Se retrasa bastante más de 5 minutos al día, es una barbaridad. No cumple la función de reloj si hay que ponerlo en hora tan frecuentemente. Bastante decepcionada",0
"Mala calidad
Al segundo día se rompió debido a la presión de los muelles",0
"No cubre toda la pantalla.
El cristal está bien, pero el protector no cubre toda la pantalla. Además, hay que colocarlo ligeramente desplazado hacia uno de los lados.",0
"No las recomendaría
No son practicas debido al tipo de cierre y la silicona queda manchada según el alimento",0
"No encajan bien las piezas
El primero lo devolví por estar una pieza mal y el segundo algo parecido por no enroscar bien las piezas.",0
"Viene roto y quiero uno nuevo
El cristal venia destrozado y no he podido regalarlo. Ahora me tengo que molestar yo en devolverlo y enviarlo de vuelta? Me parece fatal",0
"No limpia bien
Para el precio que tiene, mejor uno del chino. Deja muchas marcas al secar, la goma no es buena.",0
"Se borran los ojo, boca, nariz....
Se borran los ojo, boca, nariz....",0
"Color mal
El color del producto no esta muy conseguido, no es estandar ni atractivo. La calidad tampoco es muy acertada y",0
"Muy mal
Es una estafa yo pege las 4 unidades y me llego solo una",0
"Poca resistencia del material
No sirve para sentarse, excepto si eres un niño. Las patas se abren y la rompes.",0
"Mentira, no tiene lector CD
Un engaño total. Lo compre especialmente por su relación calidad precio y lo elegí en especial por tener lector de cd. Cuando lo abrí vi que era mentira. Nadie se ha disculpado por el engaño. No entiendo como Amazon permite esto.",0
"No me ha servido
Es un poco pequeño, no es cómodo a la hora de limpiar las heces ya que el colador es difícil de limpiar y el pipí se queda todo pegado. falta una 3a bandeja para tirar la tierra y así volver a colocar el colador. Lo tengo de hace 1 mes y ya me quiero comprar otro",0
"REGULAR
Me duró dos meses, se me rompio por en enganche y mas tarde totalmente. No recomiendo la compra, es preferible gastar un poco mas, espero que os sirva mi ayuda. Gracias",0
"No merece la pena
No merece la pena. Plástico fino que tiene poca adherencia y que al de pocos días se empieza a despegar.",0
"Mala calidad
El producto tiene muy mala calidad. Un lado tiene tamaño distinto del otro lado y los encajes para montar llegaran de una manera que tuve que arreglarlos yo con herramientas para poder montar la estrutura. Obviamente despues de montarlo no está recto. En la foto se nota la inclinación hacia el lado que parece que está en una pendiente, pero el suelo es recto. De momento puse ahí 80 kilos y lo está sujetando, pero por la mala pinta que tiene no tendría coraje de poner los más de 200 kilos que ponía en la descripción.",0
"No cumple
En mi caso no ha cumplido con las especificaciones y lo he devuelto. En 1 mes apenas me quitó 500ml. El vendedor me ha dado buen trato.",0
"Poca potencia
Me lo compre para aspirar los pelos de mi perro en el coche.....no tiene fuerza para aspirarlo.....para la arenilla y pelusilla si, pero un poco chof",0
"revienta
no aguanta la presión, la devolví y me enviaron otra que tuve que devolver de nuevo porque se rompe sin más",0
"El repartidor no me dejo en mano el producto.
Porque el cartero me dejo en el buzón y no me dejo en mano y hasta ahora no puedo abrir mi buzón porque perdí la llave..a a saber si lo encuentro.",0
"NO VALEN PARA NADA
Pues eso, no valen para nada. El diámetro del vástago es pequeño para la Dremel (tengo el modelo 3000) y cuando lo instalas no queda sujeto. Una compra absurda.",0
"Arrugas
El mapa tenía buena pinta, pero al llegar estaba arrugado en varias zonas. No faltaba ningún utensilio, en si el mapa es bonito, pero era para regalo y las arrugas le han restado bastante.",0
"Solo funciona en Windows
La tarjeta está bien, pero no trae adaptador para perfil bajo y ojo que NO FUNCIONA CON LINUX.",0
"La mala calidad
Muy mala calidad, se despega enseguida",0
"Malo, no comprar
Muy malo, tiene bastante holgura",0
"bueno en sabor, malo en cuanto al envasado
el sabor de este café es muy bueno, al nivel de las cápsulas originales. El problema es que las capsulas no vienen debidamente selladas y en algunas el sello cede ante la presión y la cafetera empieza a derramar agua por arriba. Esto no impide que se haga el café pero es un poco sucio y convendría revisar el proceso de producción.",0
"Es de muy mala calidad
Muy mala calidad. Se rompió el mismo día que llegó. No vale la pena. No lo recomiendo.",0
"Sueltan muchas pelusas
Quedan bien de talla, sin embargo dejan unas pelusas que aún después de lavarlos varias veces me salen los pies completamente negros. Sueltan tanta lana que me ha dado para hacerme un jersey y dos bufandas...",0
"Devuelto, no funcionaba.
Al llegar el paquete lo probe y aunque se encendia el led, no funcionaba, por lo que lo tuve que devolver.",0
"No funciona bien.
Carga mal. El auricular izquierdo (de cualquier marca) no se escucha. No lo recomiendo.",0
"Engaño.
Pésimo, le he usado por dos dias y ha manchado ya la piel ... me siento engañada ! Por no hablar del poco color a oro que le queda..",0
"Nunca llegó el producto
No lo llegaron a traer tras un gran retraso del envio.Quise que me devolvieran el dinero,y no lo hsn hecho.Un gran timo.Estoy disgustada,nunca me había pasado",0
"Me hubiera encantado contaros el martirio de san Juan Bautista, que es como de peli. Con Herodes, Salomé...pero no me ha dado la vida",0
"Mala calidad
Se rompen con muchísima facilidad",0
"Muy endeble. . .
Ya he comprado tres en pocos meses, va bien durante un tiempo pero si no la dejas fija en un sitio termina por romperse la entrada del cargador, me buscaré otra marca porque esta no me sale a cuenta.",0
"Encaja perfectamente pero no sirve
Después de gastarme el dinero en el cambio resulta que no sirve,da fallo en la pantalla",0
"Algún defecto.
Aunque realiza la función para la que fué adquirida, el producto presenta algún defecto.",0
"Hacen su función pero baja calidad
Hacen su función pero se las ve de baja calidad y el no poder escoger los colores, me llegaron los más feos a mi gusto",0
"mal
el tio me devolvio el dinero porque no llegue a recibir el pedido . fue muy mal educado conmigo. mal",0
"No valen la pena
Se oye bien pero el micrófono es malísimo recomiendo que te compres otros",0
"Aceptable
Parece poco robusta, pero no está mal para el precio que tiene.",0
"piezas originales
Son piezas difíciles de encontrar. Fácil de romper y caro",0
"Para mi no es util
Me daba alergia olor muy fuerte",0
"Llego a la casa a las 9:20 caminando, no hay comida, todos están dormidos, mañana tengo clases a las 8am, todo esta bien",0
"No he recibido el pedido
No he recibido el pedido.",0
"Mono pero mala calidad
Es muy mono pero calidad es muy baja. De plástico de mala calidad, tiene pinta que me va a durar muy poco...relación calidad precio no compensa",0
"DECEPCION
Al segundo dia se deformo y quedo como una bola, por lo que es inservible",0
"No cumple con mis espectativas.
No es de buena calidad,al usarla por primera vez,se han soltado los tornillos que sujetan la parte superior.",0
"35 metros manejables
Cumple su propósito. 35 metros a un buen precio. Su escaso diámetro la hacen manejable. Solo una pega, los primeros litros huelen a caucho y provocan espuma si los viertes en un recipiente.",1
"Para dejarla fija, frágil el los dobleces
Es Impermeable y ligera, pero un poco rígida, en un doblez ya trae una grieta Colocar con cuidado",1
"No muy bien
Esta bien, el cojin enorme y es corta para una cama de 90",1
"No está mal
Es igual que en la foto y cumple su función.Pero cuidado con el viento, yo la he usado en una pergola como pared de camuflaje y se ha descosido un poco por el centro.",1
"Incompatibilidad
A pesar de que en la descripción dice que se adapta a todos los modelos COMPEX, no es totalmente así. A la última versión de COMPEX no se adapta bien. saludos.",1
"cuerda sin coser
la cuerda para ajustar la cabecera del saco estaba suelta. Tuve que coserla para que cumpliera su objetivo.",1
"La batería no me dura más de 5 días
La batería no me dura más de 5 días",1
"Pegatinas
No estan mal pero me han venido las pegatinas en un idioma raro",1
"Falta información
Las instrucciones no están en español. No indica la cantidad de agua que tienes que poner",1
"Suave y bonito
El pelo queda muy suave y bonito, pero tengo el cuero cabelludo tan graso que no me funciona, al día de hoy no he encontrado un champú que me funcione.",1
Desde que mi novio trabaja como que yo le hablo y al rato se queda dormido.,1
"Parte llegaron rotas
La tizas van muy bien, generan poco polvo. Parte de las tizas llegaron rotas en varios trozos, por ello mi valoración de 3",1
"Identificador de copas
Sirve bien para saber de quien es cada copa. Muy simples",1
"Está bien, pero no es exactamente lo que esperaba
La encuadernación está bien, y el contenido también, pero yo esperaba que fuese mucho más específico sobre la década solicitada, pero no es así... habla de un montón de décadas, y entre ellas, la que solicité, así que solo son un par de páginas de lo que me interesaba.",1
"Esta bien pero...
Es divertido pero al poco tiempo se hace demasiado fácil. Mi hijo de 6 años lo cogió a la primera. Una pena no haber comprado el de mayores.",1
"Económico pero conserva el calor poco tiempo
Para el uso que yo quiero está bien, pero el líquido que metes dentro se mantiene poco tiempo en calor, aunque yo lo necesito para unas pocas horas y es suficiente.",1
"Esther
Lo acabo de probar y tiene buena pinta. El que parece color rojo intenso es color coral eso si... El Rosita no lo he probado pero es prácticamente transparente.",1
"No me sirve a mi
Me deja la boca roja como si me hubiesen chupado toda entera sigo las instrucciones y por más suave que lo intente el resultado es igual yo soy de piel muy sensible puede ser eso pero a mi no me funcionó",1
"Esta bien
Esta bien, por su precio no se puede pedir más.",1
"No está mal, bonito diseño
Funda de plástico duro, buen acabado y remate. Resistente, ojo! Sólo tiene el dibujo por una cara, la otra es de plástico transparente sin dibujo.",1
"bueno
para adorno esta bien",1
"Esperaba un cuento un poco mas grueso
Lo compré para mi sobrina porque tenian el de cuentos para niños de 4 años y al cumplir 5 le haría ilusión tener este. La verdad es que me esperaba que fuese un libro un poco más grueso... es bastante fino y el de 4 años es más ancho. Lo normal sería que al cumplir más años hubiera más que leer! Pero bueno, por lo demás de calidad está bien, y el precio me parece correcto.",1
"Aceptable
Tienes que succionar mucho y entrega poca agua. Por lo demás bien.",1
"Historias reales
Me ha gustado, pero me ha cansado enseguida. Son historia reales y bueno, algunas son útiles porque da una explicación de porque sucedió de una u otra forma, y otras historias, a mi gusto no aportan nada. He leído varias seguidas de las que no me aportan nada y lo he dejado de leer.",1
"Natalia M.
Un poco cortos por arriba del tobillo.",1
"Es lindo pero no practico
Es lindo, pero se abre con facilidad y se Caen las cosas que pongas dentro, por lo que para leave de un lado a otro no es.",1
"Buena calidad...pero enormes
La calidad de la braga es buena. El tamaño, considerablemente grande. Por lo visto, una talla menos de lo habitual es lo recomendable.",1
"Diseño genial, un poco gorda
El diseño y su función la hace perfectamente, pero es verdad que hay fundas mas delgaditas que quedan mejor en el móvil...igual tb lo protegen menos...pero bueno...",1
"Buena calidad
Tres estrellas porque la medidas son incorrectas es mas pequeño de lo anunciado",1
"Nada especial
Estético pero nada más",1
"Muy caro. Se despegó al momento
Demasiado caro. Es plástico y no duró nada pegado",1
"Esta chaqueta en concreto la Talla M equivale a una L de otras marcas
La calidad es buena y es un ""doble prenda excelente"" lo único es que la talla M (que es la que periódicamente sale de oferta a un buen precio) es grande una L por lo menos",1
"Muy Bonito producto memorable
No me lo compraría otra vez, aunque al no ser el cristal templado completo la pantalla se rompe y lo digo porque me ha pasado, producto de buen precio",1
"Envío nefasto
El articulo se corresponde con lo ofrecido, en cambio el envío, ha sido un despropósito, teniendo que ir yo finalmente a recogerlo a correos, tras un sólo intento de entrega tres días más tarde de la fecha asegurada inicialmente",1
"Medio medio
El protector de pantalla bien pero la funda que tapa el objetivo no se aguanta bien",1
"Mal empaquetado
La caja viene rota, el prensatelas bien.",1
"Cumple su función
La compré para hacer el camino de Santiago y lo hice sin problemas, pero durante el camino probé otras mochilas y eran bastante más cómodas, espaciosas y ergonómicas, claro que también más caras.",1
"Un alargo sin mas...
El articulo es tal como se anuncia, pero el lado rojo se unde con facilidad creando inseguridad... por esa razon no le puedo dar mas estrellas.",1
"Bueno para ir a dormir
El cuento llego en perfecto estado. Está lleno de solapas para ir avanzando a la hora de contar la historia. Como pega, creo que es caro para las pocas páginas que tiene",1
"Bien
Esta bien pero pense que era mas grande culpa mia.",1
"Tras meses de uso sigue siendo duro
Es bastante duro pero en verano no da calor. Medida y altura perfectas para una cama nido. No la aconsejaria para uso diario, solos muy ocasional ya que llevamos meses usándolo hasta que el bebé se queda dormido y es durísimo. Por el precio no esperaba mas",1
"Ligero
Va bien hace su función",1
"Buena calidad pero da poca talla
Muy agradable al tacto. Tanto la bufanda como el gorro tienen un forro muy bueno que calienta muy bien y no deja pasar el frío. El único inconveniente es que da poca talla. El gorro sobre todo se queda pequeño y no cubre bien las orejas. Mi hijo no tiene la cabeza especialmente grande y le queda muy justo.",1
"Algo pequeño
El precio es bueno pero es más pequeño que el protector original",1
"Buena calidad pero caro por lo que es.
Buena calidad pero caro por lo que es. Además, no encaja la mina a la perfección, con lo cual tiene juego y la punta puede salir mal hecha.",1
"Bien,
Por ahora buen funcionamiento, aunque se calienta bastante a diferencia de la original. Habrá que ver la duración en el tiempo.",1
"Bien
La mesa esta bien, cumple su función, pero algunas nos llegaron abolladas.",1
Quiero ser el quinto teletubi,1
"Regularcillo
El sistema de retención de las pilas es un poco chapucero y no cierra bien, sin iluminación no se ve nada, imagen con luz bien. Montaje fácil",1
"Simple
Hay que saber lo que se compra. En mi caso no me sirvio pues el filtro tiene un encaje diferente. Se podian poner de acuerdo los fabricantes de filtros para utilizar herramientas universales. Le falta mucho al mundo para ser perfecto.",1
"PARECE BUENO, PERO NO LO LLEGUÉ A UTILIZAR PORQUE FALTABAN ALGUNAS COSAS
Hice esta valoración porque no llegué a utilizar el producto, debido a que faltaban algunas cosas del kit (el pincel y la pintura dorada), así que opté por devolverlo. En principio he preparado todo para devolverlo y confío en no tener ningún problema, pues ya en otras ocasiones he devuelto productos de Amazon y todo ha ido muy bien.",1
"Cumple bastante con su función
El velcro se despega del marco de la ventana y las cremalleras parecen bastante frágiles, además tiene muchos hilos sueltos al lado de las cremalleras y se engancha bastante. Es simplemente una tela por lo que en realidad no puede aislar mucho Pero al final sirve para poder usar el aire acondicionado portátil sin tener la ventana totalmente abierta",1
"Buen regalo
Lo compré para hacer un regalo ya q puedes elegir en cualquier parte de España para canjearlo. Asiq está muy bien y es muy útil para cualquier regalo.",1
"Info error
Lo pedí dos veces y en ningún caso me llegó con el regalo del poeta ellas. Por lo demás bien pero la información es errónea.",1
"Cumple
Cumple su funcion aunque las cerdas son muy duras",1
"Si no te gustan las consolas no lo compres
El aparato está bien, lo que pasa que Está todo el japonés. Hasta las instrucciones. Se lo podían currar un poco más traduciendo aunque sea el montaje. También podrían ponerle alguna pegatina a los botones para saber cuál es cuál.",1
"timbre para btt
el timbre esta muy bien, la pega que le veo es que es un poco escandaloso, vamos que puede asustar a los viandantes, por lo demas no tengo nada en contra del producto, me falta probarlo en ruta.",1
"vida es eso que pasa mientras estas dormido, hecho un taco, muy calientito entre 5 cobijas. oh siii",1
"Adecuado, aunque se arrugue con facilidad
Estamos ante un producto con una calidad básica que se arruga fácilmente (claro que puedes ponerte a planchar tres metros de lona cada vez que lo uses si estás muuuy aburrido), aunque posee el grosor suficiente para no transparentar y se puede trabajar relativamente bien con ella. Yo la empleo de manera amateur, para hacer vídeos para mis alumnos, y si la combinas con un par de focos decentes, da un resultado bastante correcto.",1
"Monitor básico
Es un monitor básico. Se ve correctamente pero esperábamos un poco más de calidad de colores e imagen. Es un monitor con un precio muy bueno, pero en nuestra opinión es apto solo para tareas de oficina.",1
"Lo que dura la batería
Lo conecte al teléfono móvil ( un Motorola G 5) al principio sin ningún problema, pero al cabo de un tiempo se desconectó y no hay manera de vincularlo de nuevo. Ahora lo uso con la tablet. Una vez lo cargas con el enchufe y lo vas guardando en la cajita ,la batería dura bastante.",1
"Cómodos
Super cómodos! Lástima por la talla, incluso la más pequeña es algo grande para una persona de 167 y 64 kg",1
"Es enorme
Es mucho más grande de lo esperado...",1
"llavero
El producto cumple su cometido sin más. Un llavero para un detalle de un fan de la serie. Si necesitara adquirir otro detalle similar perfectamente podría repetir con este proveedor",1
"cremalleras malas
Pues no tiene ni un mes y ya está rota la cremallera,bueno ambas,la pequeña como la grande.No lo recomiendo,por ese precio tenia que tener algo más de calidad.",1
Tengo ganas de dormir porque esta re frio y re lindo pero no tengo sueño,1
No hagan saqueos en nuevo leon,1
"Demasiado grande.
Fenomenal, un poco grande, pero la verdad es muy resistente y es ideal para llevarlo fuera del bolsillo del vaquero.",1
"No me gusto que no me lo entregarán en casa.
No me gusto la agencia de transporte, pues no conseguí que lo entregaran en casa . Después de tres días en la agencia y sin confirmarme cuando me lo entregaría tuve que ir a por el producto.",1
"Poca luminosidad
El funcionamiento es aceptable aunque los caracteres no se ven a La Luz del día. Poca luminosidad.",1
"La gente que va al fondo del bus se tienen una fiesta que no es normal, lo malo es que no invitan al desmadre",1
"grande
Para ser de la marca no coincidía del todo con ella, por ello hay espacios con aire por el marco del móvil.",1
"Es lo que esperaba
Demasiado endebles,solo sirven para un uso",1
Prácticamente tome sola ayer porque no tomo casi nada ella,1
"Me llegó fundido.
Me llegó uno bien y el otro ya no funciona. Evidentemente por el precio que tiene no voy a reclamar. Lo utilizo para una bicicleta con la cual NO salgo a la carretera, solo lo utilizo por el casco urbano.",1
"Ok
Todo ok, de momento, funciona bien, fotos bien, parece,cque ha sido una buena compra, buen precio y poco más ok",1
"Botón ha salido
Uno de los botones que lo ata a la otra bolsa, ya ha salido :-( pero aparte de eso, parece bien hecho",1
"No le encuentro mucha utilidad
Es bastante inútil, resulta aparatoso poner las toallitas dentro y la anilla de dentro se sale todo el rato. Caben muy pocas. Cuesta menos llevar el pack de toallitas",1
"correcta
en mi coche queda un poco grande, ya q es un fiat 500. pero su función la cumple, si el coche estaba a 50 grados si se quedaba al sol, ahora son 40 y al menos el volante se puede tocar.",1
"Muy bonito
Muy bonito. Realmente curioso. No sé de quién fue la culpa pero me tardo casi un mes en llegar",1
"Poca duración
La resistencia la vida la tiene muy corta me ha durado un par de meses...",1
"No ha llegado
De momento no ha llegado.El vendedor me ha adelantado el reembolso a la espera de que si me llega pagarlo.Muy atento.No puedo opinar sobre la calidad.",1
"No me sirve para mi dvd
Lo he devuelto, no iba bien con mi dvd, se reiniciaba todo el rato. Universal no es, también es verdad que mi modelo no salía en la lista de compatibles",1
"Marca más temperatura que la Real.
Se ve bien pero siempre marca más temperatura que la real.",1
"Funcional
POr ahora funciona, encaja bien la clavija y son útiles tanto el micrófono como el auricular. Muy buena presentación y los accesorios precisos. Lastima que el sonido sea de tan pobre calidad al reproducir música : ganaría un par de estrellas con eso.",1
"Braun
Al principio bien, pero con el uso, la pestaña que engancha el cabezal al mango, se ha roto, es un poco endeble.",1
"Ok
La gorra genial pero me queda pequeña",1
"No sujeta bien
La pestañita que sujeta el dispositivo se rompió en la primera carga. Ahora, aunque sigue cargando bien, lo tengo que sujetar con una goma",1
"BUEN PRODUCTO
Es un buen Kit para decorar una fiesta de 50 cumpleaños. Llegó dentro de plazo y la verdad es que da el pego. el único problema que destacaría es que los globos especiales, es de decir los de los números y estrellas plateadas y doradas necesitan de alguna válvula o pieza que permita inflarlos que no venia en el Kit. Yo solucioné el problema con una caña para refresco que introduje en el orificio para poder inflar.",1
"Para mordidas si para ladridos NO
El material es bueno y la idea tambien pero no sirve para ladridos.",1
"Ideal para bebes
La tuve k devolver porque venía rajada",1
"Fácil aplicación y resultado correcto.
Compré las tizas para la fiesta de pijamas de mi hija, una vez que mojas las tizas la aplicación es mas fácil y deja mas color , el problema es con los colores claros que no se aprecian en el pelo y en seco aún menos. La caja viene con muchos colores muy divertidos pero la lástima que al final sólo utilizas los oscuros.",1
"Calidad si, poca luz
Buena calidad materiales, pero esperaba más potencia lumínica. El acabado es muy bueno, pero un poco complejo el encendido de los modos",1
"PRECIO
Buen precio pero mirando la fecha de caducidad está caducado, por eso el precio de venta",1
"Lo que esperaba
Quedan genial pero son algo difíciles de poner, hay q echarle paciencia.",1
"Exceso de potencia
Exceso de agarre que hace muy dificil su uso. He tenido que poner un grueso de 4 cartones y usarlo por una sola cara del cristal",1
"Ni fu ni fa
De destacar que sea de aluminio. Ya de cerca me parece algo caro. La chapa remachada q lleva junto a las ruedas se dobla con facilidad. Necesitaría un par de remaches más. Aunque tiene un plegado muy bueno no es fácil de almacenar. Si no lo cuelgas no se mantiene en el suelo estable. Por lo demás es cómodo de llevar.",1
"Elena
No és como imaginaba. La tela es floja y se mueve bastante. No es un producto malo pero no ha cumplido con lo que esperaba",1
"Aceptable como tarjeta sonido. No válida para uso con microfono
Como sustituta de una tarjeta de sonido, no esta mal si solo se va a usar como salida de altavoces o auriculares. Para uso con micrófono, no es válida, ya que se genera un ruido de entrada como si fuera un interferencia eléctrica, la cual la inhabilita para su uso con una calidad aceptable. Se adquirieron 2 unidades, ambas con el mismo problema.",1
"Falta alguna pieza
Relación calidad precio, correcta. Llego a su tiempo y bien embalado. No había ningún desperfecto en la madera, pero al montar.falta alguna pieza por lo que no he podido terminar.",1
"A.a.
Está muy bien, pero el manillar para adultos se baja muy fácilmente en cuanto te apoyas, creo que está roto",1
"Se podría mejorar
No estaba muy bien rematado y demasiado largo",1
"Calidad justa
Es un embudo, no se le puede pedir mucho. Pero la parte flexible tiene una calidad muy justa y el plástico muchas rebabas. Algo me dice que se romperá pronto.",1
"Manual de Instrucciones
De momento no lo he probado, ya que las instrucciones vienen solo en inglés y chino, y son muy breves. He buscado vídeos en internet, pero de momento solo he encontrado un vídeo en español y es bastante breve y poco detallado. El aparato he visto que funciona, pero nada más. Agradecería enormemente que alguien me indique alguna página donde pueda ver el manejo del aparato o descargar las instrucciones. Muchas gracias.",1
"Se atasca
Si pones mucha cantidad, se atasca.",1
"Correcto.
Simplemente correcto. Los ajustes con los botones originales, son algo holgados, sobre todo los que son más altos, por lo que a la hora del uso, lo que ganas con el grip lo pierdes porque se mueven un poco. Los que son más bajos o planos ajustan mejor, y son más útiles.",1
"Parece usado o de segunda mano.
El libro llegó en un estado que parecía de segunda mano o usado. Si el libro es de segunda mano deberían haberlo reflejado, me queda comprobar si el interior está en condiciones.",1
"Gafas
Para el precio que tienen no están mal",1
"Emite chasquidos sonoros...
Hace ruido...chasquidos....durante los juegos.....que se utilizan exteriores....",1
"Correcto. Difícil manipulación
Un cubo perdió una de sus esquinas (rompió) inexplicablemente a los pocos minutos de empezar a manipularlos. la polaridad de los cubos hace difícil construir figuras porque se repelen en multitud de posiciones. Me parece menos divertido que las esferas.",1
"Producto mejorable
Calidad precio aceptable aunque se deterioran muy rápido.",1
"No lo volvería a comprar
No lava bien el pelo. Hay champús sin sulfatos mejores que si que hacen espuma y que dejan sensación de pelo limpio",1
"POCO RESISTENTE
Es como se describe solo que muy fragil no creo que contenga una zona. No te devuelven el dinero integro en la devolución",1
"Funciona
Ha sido un regalo. Mi amiga tiene un teclado k400 y ya no tenía el receptor. No se si le ha tenido que configurar algo al final o instalarle algún programa pero me ha dicho que le ha funcionado sin problema.",1
"Fiabilidad en los datos
Me ha gustado la rapidez. No me gustó que en el paquete no pusiera mi nombre y fue rechazado por el receptor. El precio excesivo comparado con otros tiradores.",1
"Que el cd tenia que ir incluido con el libro,
No tiene español para traducir,necesitas diccionario,lo compre para aprender un poco de ingles",1
"No está mal pero tiene varios inconvenientes.
No es de los más baratos. La app asociada no es tan versátil como la de Smart Life por ejemplo. Y Alexa no puede consultar la temperatura y humedad de la estancia, lo cual sí es un importante defecto... Que se podría arreglar, espero que lo arreglen.",1
"Tamara
Ya ha llegado. Ha llegado un poco tarde, coincide totalmente con la descripción aún sin usar cuando lo use podré otro comentario",1
"Funda moto.
Funda correcta. Ni tanto ni tan poco. Lo mejor, el tamaño.",1
Por que no habla de nuevo y se deja de esas cosas,1
"Esta mas o menos bien
No es un libro que ella busque. La primera vez estuvo interesada pero a diferencia de otros libros... este le confunde",1
"Regular
No es lo que esperaba. Calidad-precio bien, pero no es muy resistente. Dura poco y recoge agua que se va acumulando, también es cierto que gracias a eso ves la cantidad de humedad.",1
"Cafe espresso
Me ha gustado la estética de la cafetera Encuentro pequeño el deposito del agua , el café sale bueno pero de espresso nada",1
"Muy bueno
Muy buen producto, como todos los de Vallejo. Sin embargo, le pongo tres estrellas porque el precio en Amazon es algo excesivo.",1
"Buena pantalla, no tanto la carcasa
Se trata de un pack en que se incluye la pantalla táctil TFT (que solamente conseguí hacer funcionar con su propia imagen de Raspbian, un tanto obsoleta), el lápiz táctil y una carcasa específica en que la pantalla queda perfectamente incrustada. En mi caso el problema estuvo en que una de las piezas de la carcasa venía rota (cabe la posibilidad de que se rompiera en el transporte), por lo que tuve que devolverla.",1
"Para próxima compra miraré rollos que duren más en vez de cantidad de ellos
Mucho rollo pero dura muy poco cada uno... es preferible menos y que sean más duraderos. Haciendo un uso normal, se quedan escasos, pero calidad buena",1
"Regulares
No les he dado un uso excesivo, pero cumplieron su función, lo único es que se me clavaba algo en los pechos y no era todo lo comodad que me lo imaginaba.",1
"Demasiado grande
En mi caso es demasiado grande y no cumple con mi proposito, que era evitar que saliera demasiado el conector de la pared",1
"Tamaño
Tiene buena calidad, tal y como se ve en la foto, pero el tamaño para una cama doble de matrimonio no es el adecuado, por los lados cae bien y rellena la cama entera pero para entrarla por la parte de abajo no llega. Aun así, contento.",1
"Hace la labor
Si se deja al sol se desinfla un poco como todas pero de momento muy bien. Veremos el año que viene.",1
"Buen libro
En ocasiones cuesta de leer, aún poniendo ejemplos a veces te pone a prueba con preguntas que en ocasiones no te pone la solución. A mi me gusto mucho más como hablar en público de este mismo autor",1
"Calidad-precio aceptable
Desde que compre este colchón no duermo muy bien, me gusta la firmeza, pero es demasiado firme, por precio pues si puede estar bien, aunque recomiendo gastarse un poco más y no comprarse un colchón de espuma",1
"Correcto
Se nota un poco de textura pero está bien",1
"Mejorable
Me gusta porque la tiza jamás se ""mete"" dentro del portatizas como ocurre con los de plástico. Pero si acumula demasiado polvo en su interior cuesta girar para sacar la tiza o meter una nueva.",1
"aceptable pero un poco decepcionante
Para lo que aparenta, la pluma venía un poco deshecha, y la tinta no existe, solo es el bote para rellenarlo, pero no trae tinta y eso fue ciertamente engañoso.",1
"están bien
están bien pero encuentro que los huecos para meter el pie son demasiado pequeños y no facilita el trabajo de forma fluida",1
"Error al escoger modelo.
No puedo opinar de este artículo , porque me equivoqué de modelo, lo cual no pude probarlo.",1
"Todo correcto
Llegó en la fecha indicada. Muy prácticos",1
"Bonitas pero...
Llevo tiempo con ellas. He de decir que no me las pongo a diario. El problema que me ha surgido es que las patillas se ceden bastante y esto hace que me resulten algo incomodas por no ajustarse bien. A su favor, hay que destacar que estéticamente son preciosas y dan sensación de buena calidad. Los cristales son opacos y la visión es agradable. El envío llegó a tiempo y tanto la caja de la marca como la funda están muy bien.",1
"Mas o menos
Son cómodos pero tenían bolas en un lateral como si los hubieran lavado antes, aun no les he pegado yo una lavada, pero..... por el precio que tienen no estan mal",1
"Muy grandes
Están bastante bien, pero vienen muy grandes, quizá cuando le quepa el pie ya el niño camine y necesite suela dura.",1
"Protección del móvil
La carcasa está muy bien, pero el cristal protector de la pantalla es escaso tanto en el ancho como en el alto le faltan 2 mm y, como consecuencia, se ve mal el borde de la pantalla con otro borde tornasolado. Miraré otra que la cubra completamente o lo más cercana al borde posible.",1
"Sabor a quemado
Ayer me llegó este vapeador despues de haber estando usando otro modelo. Lo puse en funcionamiento como dicen las instrucciones y sabe a quemado. He probado la otra resistencia que trae y me pasa lo mismo. El servicio de mensajeria y el aparato en si esta genial si no fuera por ese motivo. Si alguno sabe la razon de el sabor a quemado que me aconseje.",1
"Van bien
Los he recibido hace poco. Van y se escucha bien, pero aún no he podido probar las llamadas. Aunque entiendo perfectamente el inglés, las instrucciones sólo están escritas en inglés y chino. Además, y lo que es peor, no hay un dibujo en el que señale donde están los diferentes elementos del aparato, tampoco es que tenga muchos y, más o menos se puede deducir, pero sería un detalle que lo tuviera y es básico, ya que sí que está escrito la relación numérica de los mismos.",1
"Aceptables
Escriben bien, pero la punta es más fina de lo que me esperaba",1
"Buen producto
La mochila cumple bien y es bonita, es mejorable los compartimentos interiores, se agradecerían algunos bolsillos más. El mayor defecto es el olor que después de mas de 1 mes aun no he conseguido sacarle, huele realmente mal y eso que llevo dentro unas bolas de olor para disimularlo.",1
"Están bien pero...
Veo que el único pero que pondría es que son más bien pequeños o al menos, la goma superior aprieta mucho en la muñeca. He tenido antes de otras marcas e iban por tallas. Por lo demás, la relación calidad precio...está bien.",1
"Regular
Hay que pelear un poco para encajarlo, pero se consigue.",1
Me gusta mucho ir a Chepén y estar con la familia de Kike. Lo que no me gusta es tener que trabajar el lunes siguiente,1
"No es como esperaba
Engrasa el pelo y eso que lo tengo rizado y por tanto seco pero...",1
"Sobredimensionado
Grande... Muy grande",1
"Deja mucho que desear
No es gran cosa y muy simple",1
"delantal
es mas pequeño de lo que pone, el material se nota que no es muy bueno aunque te limpiar bien y no se mancha facilmente .. para el precio tenia que haber sido de mejor calidad. pero lo usare claro , viene bien y es bonito",1
"Probar primero una bolsa no todo el pack
Variedad de sabores, pero por el gramaje de la capsula ofrece demasiada presion y la cafetera sufre ya que no consigue que el agua pase bien.",1
"Barata, pero reflejante
Por este precio está muy bien un protector de pantalla de cristal templado, no obstante hay que remarcar que desmejora la maravillosa pantalla mate del Kindle, ya que este protector si que brilla, con lo que consigues que una pantalla que antes no reflejaba la luz y permitía leer bajo cualquier condición lumínica, aunque protegida, se lea con más dificultad bajo sol directo.",1
"Ligero pero poco util
No funciona con mi Huawei p. 20 y se calienta mucho",1
"No apto para personas propensas a la descamación
A mi me ha hecho daño en el cuero cabelludo y lo he devuelto. No lo recomiendo para personas con cuero cabelludo sensible o con descamación porque lo empeora.",1
"Aprobado justito
Es un set de 4 peonzas estilo Beyblade con los anillos metálicos para darles más consistencia. También incluye dos tiradores, uno de cuerda y otro con empuñadura y un estadio mini, que aunque parezca muy pequeño a mi hijo le ha encantado porque se lo puede llevar a cualquier sitio. Mi hijo tiene también el estadio original de Bey blade que es mucho más grande y le encanta, pero tiene la pega de que no se lo puede llevar a casa de los abuelos, y este pequeño sí. Evidentemente, la calidad deja mucho que desear. Si una sola Bey blade original cuesta prácticamente lo mismo que este set de cuatro peonzas, será por algo. A mi me compensa porque mi hijo se las lleva al colegio para jugar con sus amigos en el recreo, y cada dos o tres semanas pierde alguna pieza. Si sólo le comprara las originales no ganaría dinero para peonzas. Con éstas no me importa tanto que se le puedan perder. Además, las piezas son compatibles con las Bey blade originales y los tiradores también. Para mi, lo más importante es que el niño está encantado. Lleva como dos semanas con ellas y aún no se le ha roto nada. Si con el uso veo que hay problemas, editaré la opinión para añadirlo.",1
"Se rompe
Se me ha roto el 2 día.....",1
"De momento bien
De momento bien, escribiré si falla en algo más adelante",1
"No son originales pero son baratas
No son como las originales, pero valen para afeitar. Por el precio que tienen vale la pena",1
"Bien
Esta bien aunque no sea muy completo pero para los niños que les gusta la saga es un regalo perfecto.",1
"Nada !
Falta las cabezas del destornillador !!!",1
"Iconos agradables
Es simple, tiene las funciones basicas, iconos agradables a la vista, sencillo de usar y de vincular. Hace falta sim si quieres usarlo sin el telefono",1
"la mochila se descosió el primer dia de uso
A pesar del descosido, es muy resistente y cómoda.",1
"Mala calidad
Todo bien al principio. Al pasar un par de meses empezó a gotear. Mala calidad",1
"Algunos conectores se han desmontado
Algunos conectores se han desmontado",1
"Bonito pero pesado
Muy bonito pero demasiado peso para llevarlo a clase...",1
"Bien, para su precio
Bien, aunque venía con varios hilos sueltos",1
"Esta bien
Mi madre l quería para cubrir partes rubia y no oscureció mucho, pero se sabe que es progresivo.",1
"Producto adecuado
No los he probado todavía pero vienen los 20 cañones",1
"Bien
Muy hidratante. Deja la piel brillante",1
"Buen video y calidad fotos limitadas
Tiene un zoom muy bueno para captar fauna o fotos lunares, la calidad de las fotos es normalita después de usar una réflex esta es un juguete, para video está muy bien ya que graba hasta en 4K, con buena luz se pueden hacer pinitos y para los principiantes el post enfoque es una gran ventaja. No me arrepiento de su compra, y como cámara de apoyo la llevo siempre. Aunque si buscas calidad, compra una réflex y haz un curso básico de fotografía.....",1
"algunas se salvan
Doy 3 estrellas porque el producto es barato, pero son bastante más feas que las de la foto y algunas no llegan en buen estado",1
"Bien
Calidad precio son muy correctos pero las impresoras HP son jodidas con cartuchos que no son originales. De todas maneras funcionaron bastante bien.",1
"Cómoda y muy buena luz
Me gusta mucho y de Luz muy buena",1
"Kit de inicio perferto
Hola me gusta mucho no tardo en llegar y de momento buenos resultados problema , que no e encontrado repuestos del tanque de cristal y me toco comprar otro atomizador , le puesto el melo 3 mini y va de maravilla y tengo repuestos del tanque de cristal cuando quiera , pero el mod en si para empezar va muy bien ( cambie el ato por que se me rompió el cristal del tanque y no ay recambios ) yo por mi parte , para iniciarte si que lo recomiendo , pero con otro ato que tenga repuestos",1
"No muy bueno
La primera vez que se cae el móvil no muy fuerte, se rompió el producto",1
"Como guantes bien, dedos táctiles mal
Muy bonitos y buenos contra el frío, pero lo de los dedos táctiles no va bien, para contestar llamadas y punto. Escribir mensajes es inviable.",1
"N
Por debajo de la cabeza tiene un defecto",1
"Por precio...
El envío bien, depende de como sea el tornillo cierra mejor",1
"Hace la función
No está mal. Pero la cazoleta es algo pequeña y casi no cojen los dientes de ajo enteros. La pieza que aprieta es algo pequeña respecto a la cazoleta y deja un bordillo de ajo alrededor sin machacar. No es de buen material. Pero con todo y por el precio hace su función.",1
"En la línea de Matilde Asensi. No es su mejor libro ni mucho menos
Es entretenido y te invita a leer hasta finalizar el libro. Quizás un poco rebuscado algunas partes de la historia para hacer la lectura atractiva, no lo lo consigue en ocasiones.",1
"Esperaba que me gustara más.
Esperaba que oliese mejor, esperaba otra cosa. Pero tampoco huele mal. Es que me gusta otro tipo de vainilla, no sé.",1
"Ok
Menos util de lo esperado",1
"No lo volvería a comprar
No está mal, aunque para lo que pague creo que relación calidad y precio cumple su función. No lo volvería a comprar.",1
"Divertido
Un poco más pequeño de lo q esperaba. Suena fuerte, no se puede regular el volumen.",1
"Tamaño muy justo, envío rápido, 1 semana aproximadamente
Mal tratado en el almacén, solo hay un metro cuadrado de espuma, este venía bien cerrado de fábrica ha llegado mucho antes de la fecha que dicen al hacer el pedido",1
"Cesar MG.......
Han llegado bien pero un poco tarde por lo demás todo correcto gracias sin mas.. tendrían que mejorar el envío para que llegue a tiempo",1
"Buena protección pero mala calidad de los materiales
El guante ofrece buena protección en las palmas para evitar los callos y las molestias que de algunas pesas. Además ofrece protección para las muñecas. El problema viene en los materiales, el tipo de tela se desgasta y deja restos por todos lados y las costuras se empezaron a soltar el primer día. Los problemas no impiden seguir usandolos pero no ofrecen la calidad que deberían",1
"Raspa poco
Llego a tiempo pero no raspa mucho.",1
"Muy bonito!
Es algo complicado de hacer ya que las letras son bastante pequeñas y esto hace que tardes un poco más en acabarlo, pero queda muy bonito una vez terminado. Merece la pena! Está en inglés.",1
"Cómodas pero el efecto no es muy duradero
Es una suela cómoda y suaviza el mal olor de la zapatilla pero el efecto no fue muy duradero.",1
"Camara simulada falsa aceptable y barata
No está mal para su precio, es toda de plástico pero cumple su cometido.",1
"Poca protección
El producto ajusta perfectamente, lo único que la goma protectora del interior es insuficiente y daña la pintura del patín. Solucion: cinta aislante donde lo sujetes.",1
"Buena
Los altavoces no son muy potentes y suena un poco como si estuviese en una habitación vacía. Para la niña de 5 años es un poco complicado el botón de encendido, la anterior sólo era pulsando el botón yo creo que hasta que se acostumbre.",1
"Relativamente buena
Está bien pero nunca es lo mismo que utilizar la inducción con la cazuela adecuada directamente en placa.Yo lo compré porque tenía una cazuela nueva alta gama y me daba pena prescindir de ella,pero si es para aprovechar ollas viejas no vale la pena",1
"Jc
Esta bien acabada y es bonita pero pequeña, un poco más grande sería perfecta no es suficiente para un día de entreno",1
"Un niño no lo podría enroscar.
No enroscan nada bien, se unen a presión. Por lo demás son dos muñecos simpáticos. Tienen un chorro pequeñito, supongo que suficiente.",1
"Calidad media
Más pequeños de lo esperado pero aguantan el tute de los críos.",1
"Buena relación precio calidad
Por el precio está muy bien. Espero que dure mucho",2
"Muy rápido y en buenas condiciones
Yo esperaba otra cosa, aunque a los críos les encanta",2
"Perfecto para hombres que usen la S
El disfraz en sí es bastante bonito, se ajusta bien y la calidad no está nada mal para el precio que tiene. Si eres tío y te toca llevarlo (como a mí), ni te molestes en comprarlo si tienes una talla mayor a la S. Yo tengo la S y la L me quedaba bastante ceñida.",2
"Expectativas cubiertas
Corresponde a las expectativas del anuncio y a lo que yo esperaba. Es fácil de montar y de limpiar y muy ligero",2
"correcto
aparato correcto envio rapido y eficaz, se lo recomendaria a toda persona que le guste navegar por internet y visualizar cadenas de tv",2
"Buena trituradora
Para poca carga de trabajo está muy bien. El ruido que hace no es excesivo. Aunque pone que puede hasta con 8 hojas a la vez, no recomiendo meter más de 5, porque con más se atasca fácilmente. Pero por lo demás, recomendable.",2
"Resistentes
El mejor juguete del mundo mundial!!! El juguete preferido de mi hijo. Con lo que más juega! Además son bastante resistentes, a prueba de golpes y golpes.",2
"Un viaje al Japón de los samurais
Una estupenda novela de aventuras y misterio en el Japón feudal muy bien ambientada y mejor escrita. La lectura de verano perfecta.",2
"Buen producto
Rápido envío y buen producto",2
"Buena calidad, APP mejorable
La verdad que fisicamente esta muy bien, se ve bien construida y es ""bonita"" (dentro de lo bonito que puede ser una bascula), para mi la pega principal es la APP. En mi caso en Ios no soy capaz de que me la reconozca ni la APP salud ni ninguna otra APP tipo Mi fit o similar, solo me funciona con la APP de la bascula y esa APP deja bastante que desear si se compara con otro tipo de basculas digitales. Como digo, muy bonita, funciona bien pero creo que la APP esta unos pasos por debajo.",2
"Buen producto
Aunque no puedo compararlo con otros ya que es el primero que tengo, cumple muy bien sus funciones y nuestras expectativas.",2
"Recomendable
Se adapta perfectamente al móvil, no cuelga ni se mueve. Parece bastante resistente.",2
"excelente
muy buen producto la verdad se adapta bien a mis necesidades es justo lo que estaba buscando!! muy bueno excelente!!!",2
"Bueno por el dinero
Excelente por el dinero que pagas. La bicicleta es muy buena para la conducción ligera, pero no la recomendaría para ningún sendero de montaña, ya que no tiene suspensión. Fácil de ensamblar, pero si tiene problemas, simplemente eche un vistazo a YouTube y encontrará toda la ayuda que necesita.",2
"Perfecto
El producto perfecto satisface mis necesidades, la alarma es súper simple y conveniente de instalar y configurar, cubre las necesidades básicas de la casa y me brinda seguridad adicional. El sonido es muy fuerte, el sistema de alarma es absolutamente confiable, el equipo funciona correctamente, el controlador y el sensor están emparejados, aunque los interruptores deben estar encendidos para que tengan voltaje, estoy muy feliz y no hay ningún problema en este momento.",2
"Anna
Llego a tiempo, segun entrega indicada por el proveedor, muy bonita , sedosa, los detalles cuidados, pero muy fina, demasiado delgada",2
"Muy buen precio
De momento funciona muy bien.",2
"Calentito e impermeable
Encantada con la compra. Mi bebé va muy cómodo y calentito. Merece la pena de verdad",2
"Bien acabado
La funda cumple mis espectativas, bien acabado y con las medidas adecuadas, pero el material del cual está hecha parece que puede ensuciarse con facilidad.",2
"Cumple lo que anuncia
Cumple perfectamente su función, de buena calidad y acabados. Para mí era muy importante que se pudiera apagar cada enchufe individualmente",2
"Buen precio y buena potencia
Es buen secador, funcional. Tiene una potencia aceptable. Los hay mejores pero para el uso diario y si no quieres gastarte un dineral es buena opción.",2
"Muy útil y práctico
Me ha gustado muchísimo, se lo compré a mi hijo de cinco años por que Le da miedo ir al baño de noche y cuando se despierta coje su palito y va sin miedo a él. Es muy útil, se pueden hacer pulseras con el y de diferentes colores.",2
"Muy contenta con la compra
Me ha gustado mucho y le estoy muchísmo uso pero claro, con tres no tienes para mucho y el precio no es tampoco como para desterrar el plástico de golpe y porrazo.",2
"Buena bolsa porta fiambreras
Cómoda y bonita bolsa porta fiambreras. Sólo tiene un pequeño problema para mi gusto, la asa Bandolera es corta... Me habría gustado más, si la tira de la Bandolera fuera más larga",2
"Se ajusta bien.
Es perfecto para una niña de dos tres años.",2
"buen producto a buen precio
producto muy bueno, por la parte trasera no esta bien terminada pero una vez puesto ni se ve ni interfiere en el resultado.",2
"Perfecto
Estoy muy contenta con el. Lo único es que La Luz de la hora tiene muchísimo brillo y me ilumina el pasillo...",2
"Bueno
Es un capricho, pero es de buena calidad y se ve duradero, es bonito, lo tengo en la mesita de noche pero se puede poner en cualquier sitio para decorar",2
"Cumple perfectamente todas las expectativas
Cumple perfectamente todas las expectativas",2
"Buen libro aunque caro como todos los de texto.
Libro de texto comprado para mi hija al inicio del curso. Que mas contar, un libro de texto como los demas, relativamente bueno pero caro. Amazon y sus envios geniales.",2
"cargador usb movil
me gusta lo compacto que es, que pueda verse el voltaje , que disponga de interruptor ademas del tema de seguridad con el fusible.",2
"Ligero y muy manejable
Muy cómodo de transportar. Para cámaras y objetivos réflex, o sin espejo, pero no muy grandes. En mi caso con una D5500 muy bien.",2
"Recomendable.
Muy buena textura y sabor. Excelente para batidos y para untar.",2
"El juego estrella de las Navidades
Mi hijo está totalmente enganchado al juego y se ha pasado jugando con él todas las Navidades. A diferencia del Monopoly, este juego tiene una duración más corta, lo que permite completar las partidas.",2
"muy facil de montar,bonito diseño y cómodo
El montaje es muy sencillo,viene bastante bien explicado. la comodidad me ha sorprendido gratamente,paso medio dia al ordenador y no me duele nada..pero en la parte ergonómica, cuesta un poco cogerle el tino al cojín lumbar y no puedo usar el de cabeza porque entonces te la empuja hacia delante y es muy incomodo. Los brazos son super ajustables,en altura e inclinación,es imposible que no la puedas ajustar a cualquier escritorio. He esperado medio año a ver si hacía esos ruidos que leí antes de comprarla, y la verdad es que solo crujen un poco los brazos por ser materiales ""plasticosos"", pero la silla no cruje nada. Y como mi complexion es delgada, tampoco sufro eso que comentan de que cierra las piernas,tal vez si es de complexión mas fuerte no sea tan cómoda. las patas son con la barra metálica y le dan mucha solidez,y las ruedas se desplazan mejor que ninguna de las otras sillas que he tenido antes. no le doy las cinco estrellas porque el cojín de la cabeza es prácticamente inutilizable,aunque le quede muy bonito.",2
"Pequeño y útil
Cumple con lo que esperaba. El tamaño es algo pequeño, aunque me sirve para meter mis manualidades que és para lo que yo quería.",2
"Ajustables a cualquier tipo de muñeca
Se pueden ajustar perfectamente a la muñecas. Noto una mejoría a la hora de hacer ejercicio con grandes pesos. Estoy muy contento",2
"Pues está bien
Otra compra hecha para ""ver que pasa"" y esta ha salido y por el momento bastante bien. Superado el cosquilleo del primer día la sensación de limpieza es buena, el temporizador está muy bien tb. Repetiría",2
"Súper
Estoy encantada con el producto",2
"Protector
Ya lo he utilizado. El producto está acorde con las expectativas . Este producto se puede recomendar sin problema. Gracias",2
"Tiene muy buena luz.
Parece bastante robusta, y es cómoda de manejar. Da muy buena iluminación, tiene imanes en parte trasera y en la parte giratoria, lo que hace muy sencillo ponerla en cualquier sitio metálico.",2
"Una caja muy bonita y práctica para los dientes de los niños
Es tal y como viene en la foto. Muy bonita. Cierra bien, y quedan bien guardados los dientes. la imagen de la portada se ve muy bonita.",2
"Bonito y muy fino. Ideal para el Día de la Madre o Cumpleaños.
Un collar que cumple con sus espectativas. Es bonito, fino y elegante. Por poner una pega, podrían a ver puesto un envoltorio de regalo y caja mas elegantes. El enganche del collar es tan fino, que cuesta de cerrar y de abrir, aunque se acaba consiguiendo. Relación Calidad y Precio correctas. Ideal para regalo.",2
"Perfecto
Quita todo los olores y deja limpio deposito Tenía olores de desagüe y han desaparecido Muy buena compra Lo recomiendo",2
"Sus propiedades
Me encanta todas las propiedades y el partido que se puede sacar del cloruro de magnesio.",2
"Genial
Me gusta el olor y lo uso para mí depósito de aguas sucias de mi wc de la caravana",2
"Mi perrete esta encantado
Pequeña, facil de guardar pero suficiente para un perrete mediano",2
"Mas de un año instalado, funciona a la perfección
No veo diferencia entre este avisador y el que tiene mi otro coche, que es de fábrica. Fácil instalación (hasta viene la broca adecuada para taladrar el parachoques)",2
"Genial
A mi gusto tiene la medida perfecta. Es amplio y con un monton de compartimentos tanto por fuera como por dentro.",2
"Exactamente como en la foto
rapido u muy facil de usar",2
"Cumple su función correctamente
Cumple su función correctamente",2
"Me va genial
Tengo una Xbox360 y me funciona genial, desde el primer dia, como si fuese el original El vendedor rapido y bueno.",2
"Megafono auna 80 w
Perfecto para llevar a los partidos de futbol o cualquier deporte de nuestros hijos ... la verdad q esta genial para animar ... lo unico q no me gusto, es q al poner la tarjeta de memoria o el stick usb y reproducir la musica, no te deja ajustar el volumen y suena demasiado .",2
"Espectacular
Muy cómoda se ajusta perfectamente y sudas sin apenas hacer nada, me encanta",2
"La calidad
El producto parece bueno, depende de la duración del mismo.",2
"Bonitos
Muy chulos y seguros",2
"Recomendable
Le falta alguna cosilla , pero por ese precio no se puede pedir nada más.",2
"Funciona perfetamente
La antena funciona perfectamente, es mas, al ser compacta no es tan armatoste como las largas de antes. En cuanto a funcionalidad perfecto. El unico pero es la base que se pega, o hay que hacer inventos de taladrar o pegar un iman o algo. Es probable que sea cosa personal mia, pero nome fio de esos adhesivos por lo que de momento ando todavia con el miedo de perderla, pero en cuanto a tener cobertura, transmitir y recibir con calidad, un10.",2
"Genial
Me ha gustado tanto que lo he regalado ya tres veces",2
"Grifo funcional, elegante y de calidad
Como ya he comentado antes (valorando un grifo para una pileta de aseo) no estaba muy convencida de comprar un grifo por amazon. Pero este tipo de grifos en los grandes almacenes son carísimos. Este también es chino. La caja de presentación y como viene le confiere ya el primer grado de confianza, una caja de carton de calidad con un acolchado dentro donde cada pieza encaja en su sitio. El grifo tiene un acero inox mate que es además lo que yo quería. Es super comódo porque el extraible si tienes un fregadero grande es muy util para sacarlo y llegar a cada rincon. También al ser móvil puedes apartarlo completamente y poner una olla o cubo y despues volver a posicionar para el llenado. Estoy super satisfecha con este compra. He intentado poneos un video para que vierais la parte extraible pero no se me ha descargado.",2
"Buen precio
Muy buen juego a muy buen precio, completamente en castellano",2
"Muy práctico
Me ha quedado perfecta, si tengo que poner algún pero diría que para mi gusto el cesto de la ropa es pequeño... si metes unas sabanas y un poco más ya está rebosado... pero es práctico y útil",2
"No está mal
Es muy bonito y luce bien como colgante pero las almohadillas de los aceites esenciales resultan pequeñas.No puedes poner muchos aceites,una gota solo de uno y ajustando dos",2
"Excelente disco duro SSD
Experiencia como usuario perfecta: gran capacidad de almacenamiento y velocidad en uso (arranque, lectura, escritura) impresionante.",2
"Excelente relación calidad precio
Es un artículo fantástico. No ocupa mucho espacio. Calienta rápido y se ve de calidad. Lo recomiendo",2
"buena compra
la atención que tienen es muy buena si tienes problemas con el producto.",2
"muy bien
Una rotula robusta, muy fácil de mover y nivelar, antes no la tenía y ahora le saco un montón de uso con el gorillapod, y el precio de lo m's bajo que vas a encontrar, relación calidad precio perfecta,",2
"Útil
Lo necesitaba y genial",2
"Gabriela
A mi hijo le ha encantado, y el pedido ha llegado en tiempo y forma, esta muy contento con su regalo....",2
"Me ha gustado
Me ha gustado, es tal cual como la foto. Compre dos, lo único que las medidas no coinciden, una era mas larga que la otra.",2
"Te cambia la forma de ver ciertas cosas
Te cambia la forma de ver ciertas cosas, te hace plantearte ciertas cuestiones y verlas desde otra perspectiva, vale mucho la pena y es fácil de leer.",2
"Buen producto
La calidad muy buena la uso para pequeños modelos",2
"llamar
para mi lo lógico es llamar y recibir, lo demás me sobra. Me gusta el tamaño y el contraste de las teclas",2
"Manuel G
Buena calidad y buena presentación. Llegó rápido y se adapta bien al terminal. De momento sigue igual y no se ha deformado",2
"Bien
Fantástico para lo que costó",2
"Tal y como esperaba
Es la segunda vez que lo compro. Ajusta perfecto al modelo, no queda nada de pantalla descubierta. En otro aparato del mismo modelo con este protector, se cayó el móvil al suelo y aunque el cristal se rajó, la pantalla quedó intacta, con lo que cumplió perfectamente su función. Muy satisfecho.",2
"Bonita y elegante
Preciosa y práctica... la mejor botella que he probado. Ha tardado un poco...pero ha merecido la pena. Volveremos a repetir.",2
"Geniales.
Relación calidad precio muy bien. No se ven artificiales. pero hay que usar pegamento aparte del que traen.",2
"Buen equilibrio calidad y precio.
No es una marca lider pero para trabajos esporadicos muy bueno. La primera me llego sin muchas cosas y amazon me reenvio otra que iba completa . Estupendo",2
"foto igual a lo recibido
iguales q en la foto",2
"Es un buen producto
Funda resistente, el color es muy bonito. Ha venido muy bien empaquetado. Se adapta al lector del libro a la perfección.",2
"Cinturón
Todo me ha gustado , lo utilizo para el gimnasio",2
"Fenomenal!
Me encanta, súper cómodo y útil",2
"Justo lo que necesitaba
Buena calidad de materiales, buen ajuste y rigidez de piezas, lo recomiendo",2
"Correctas por el precio
Está bien el kit por el precio. No soy profesional y quería unas tijeras para usar en casa con las hijas. Cumple de sobra",2
"buena potencia en watios a buen precio cuando esta en oferta.
muy buena relación calidad precio, pero este ultimo va variando al alza, será cuestion de esperar a que entre otra vez en oferta.",2
"Muy bueno
No se lleva las 5 estrellas por los tacos, podrían ser más fuertes, el resto estupendo.",2
"La fiabilidad
Me ha gustado su calidad de acabados. No me ha gustado que el menú de configuración de tan pocas opciones.",2
"Perfecto estado
Ha llegado en perfecto estado. Gracias.",2
"Es el artículo que deseaba mi hija
Está muy bien, la talla se corresponde con la edad de la pequeña. Los colores varían un poco, pero es muy parecido. Todavía no lo ha probado en el agua, por lo que no se si destiñe. Ahora falta comprar la aleta de plástico para insertarla dentro.",2
"La marca, confío en ella.
Si me gusta, ya lo conocía , es muy buena y además el tamaño me va muy bien para ir de viaje",2
"Correcto
Funciona perfecto, lo único que no me a gustado esque el reparto ASM me trajo el paquete abierto.",2
"Precioso y espacioso
Nos encanta como queda en la cocina. Le cabe bastante fruta. Volvería a comprarlo. (No tenía nada más que decir pero nos obliga Amazon).",2
"Todo perfecto con un pero...
El collar es muy bonito, de tamaño perfecto. Llegó el día indicado. No le doy 5 estrellas porque la fecha no es correcta ya que la fecha de su debut fue el día 13 y no el 12 como indica, pero no me molesta tanto porque el 12 fue la fecha en que lanzaron su primer sencillo 2 Cool 4 Skool y su MV No more dreams. De todas maneras hubiera preferido la fecha correcta. Por lo demás todo perfecto.",2
"Esta correcta
Es de buena calidad pero demasiado rústica para las manualidades tiene muchas fibras que sobresalen.",2
"Me encanta
Es ideal para una persona me da para hacer 2 tazas de café",2
"Volveria a comprarlos.
Estan durando mucho y eso ya es un handicap. Estoy contento con esta compra. De las mejores que he hecho aqui.",2
"Muy bueno
La recopilación perfecta para continuar con la saga en PS4. Merece especialmente la pena por el KH Dream Drop Distance. Recomendado para los fans que quieran tener los juegos en la misma plataforma.",2
"Deja pasar el agua.
Las dos veces que ha llovido me he encontrado el coche mojado al retirar la funda, incluso he tenido que poner un mantel plástico para impedir que entre agua a la capota.",2
"Según lo esperado
Tal y como esperaba el producto está en buenas condiciones y al probarlo no da problemas, todo funciona correctamente, habrá que ver que tal está cuando lo use en serio",2
"Justo lo que describe
Tal cual la descripcion, espero que dure. Parece resistente.",2
"Me ha ahorrado la pesada búsqueda del producto
La comodidad de enviármelo a mi domicilio",2
"Perfecto en tamaño, potencia, y pila.
Fácil de llevar y la pila dura mucho, se nota la ingeniería alemán. Costo un poco acostumbrarse a sujetarlo de una manera que no interfiera con el switch de direcciones pero por todo lo demás me encanta, y ya se hecho con el numero uno de mi lista de herramientas mas útiles.",2
"Bien.
Excelente calidad. Un poco lioso de utilizar; al final uso el teclado de siempre, el que sale en pantalla (cuando uno ya está acostumbrado...) Pero muy bonito.",2
"Reloj para niño 12 años
Cumple con lo esperado y su precio. Como es para mi niño, fenomenal.",2
"Bien
Si te gusta la película es fantástico. Para regalo está bien porque al menos tiene la cajita de fuera que es un poco más mona pero por dentro es un Blu-Ray normal y corriente en el que solo viene el disco y nada más especial.",2
"Buena calidad precio.
Calidad precio está muy bien, tiene muy buena pinta para el precio que tiene. Lo recomiendo para el que tenga duda.",2
"Muy bueno
Fenomenal producto. Mucho mejor que el comprado en Fnac EL funcionamiento y calidad bien, lo que uno se puede esperar.",2
"Not Bad
No está mal las mediciones son más o menos rápidas el reloj es elegante aunque pierde ya que quien lo usa en algún tipo de trabajo puede verse perjudicado por que el dispositivo se carga quitándole las correas por lo que si se te engancha el reloj en cualquier sitio se desengancha fácilmente por lo demás es un buen reloj.",2
"Bien
La única pega que puedo poner es que se ve un poco mas oscuro que las pantallas originales, pero esta bien.",2
"para alimentos u objetos secos.
el invento no está mal. Su uso principal es para tapar tuppers, lo cual no es tan necesario porque lo normal es que los tupper tengan su propia tapa. Con frutas, verduras y hortalizas no va tan bien, primero porque del tamaño que necesitas sólo hay 1 tapa o dos y segundo porque al tener humedad, resbala y no se sujeta. estas tapas van bien en seco, si el alimento tiene partes húmedas o una forma poco lineal, se termina resbalando.",2
"Distintas medidAS
Cuatro cables de distintos tamaños, muy cómodo para tener de repuesto en el coche, casa, trabajo... recomendado relación calidad-precio!",2
"En buen estado, un buen libro
Después de tanto bombo que s ele ha dado a esta historia, me llamaba muchísimo y aunque se me ha hecho muy amena y adictiva, siento que me ha faltado algo para que fuera de 5 estrellas.",2
"COMODIDAD
Compre esta funda para no tener el Pencil de aquí para allá, en el bolso tirado, después en casa... con esta funda no lo pierdo. Buena calidad, material rígido que protege muy bien, y la cinta que trae para agarrarlo al iPad es gordita y no se rompe con facilidad.",2
"Un poco pequeño
Es lo que es; la única pega es que es un poquito más pequeño de lo que pensaba, pero cumple su función",2
"Buena compra
El medidor es muy práctico y útil. Tremendamente fácil de utilizar, y muy reducido de tamaño y peso por lo que se puede llevar a cualquier sitio.",2
"Compra satisfactoria
Me ha encantado este cargador portátil. Viene con cable y una funda protectora. Pesa bastante, pero se nota que el material es muy fuerte y resistente. Funciona perfectamente, da para cuatro cargas. Ha sido una buena compra.",2
"Encantada con ellas
Producto de muy buena calidad,Encantada con ellas .",2
"Buen producto
El producto esta muy bien, y da una luz suave que lo hace ideal para retratos, la única pega es que es un poco engorroso de montar, pero a la segunda ves que lo hagas ya le agarras el truco.",2
"Divertido y entretenido
Muy entretenido el camión con varias posibilidades para montar y desmontar a los perretes de la Patrulla Canina, se lo pasan en grande.",2
"Funcióna bien TV LG
Es perfecto, funciona muy bien con TV LG, fácil de instalar, no hay retardo. Buena compra calidad precio.",2
"Lo esperado
Excelente ajuste pero me equivoqué de talla. Muy cómodos",2
"Perfecta
Simplemente perfecto, mi hija está encantada y eso es lo más importante",2
"Genial
Me ha encantado, sobre todo por la función de descongelar, ya que tostar lo hacen todas. El pan descongelado con esta tostadora queda muy bueno. Ha sido un acierto absoluto.",2
"Fácil montaje
Lo que más me ha gustado es lo fácil de montar que ha sido, sobre todo si lo comparamos con los puños normales.",2
"Cumple con lo esperado
Paraguas compacto, con buena construcción y buen aspecto. Quizás el botón para cerrar el paraguas cuesta más de activar, pero por ahora todo bien.",2
"Peso bajo y buen acabado
Buen teclado bluetooth, fácil conexión y con todas las teclas. Habrá que esperar a ver cuánto le dura la batería.",2
"Buen producto
Me sorprendió la calidad de la encuadernación y de la ilustración. Es una buena idea para regalar a los frikis que se están metiendo en el mundo de la cocina.",2
"Bien
Buen producto. Da bastante luz. Quizá el plástico sea un poco débil.",2
"Un drone imprescindible para principiantes.
Un producto con muy buen material. Perfectamente embalado y con el mejor precio del mercado. Contando siempre con la garantia que es comprar en Amazon.",2
"Excelente compra
Estoy encantado con la caminadora , ocupa muy poco espacio , no hace ruidos y se puede conectar a una App para ver tus progresos día a día , me encanta usarla todos los días",2
"Excelente
Está muy bien porque no es necesario el cd. Se descarga el programa de internet y se instala con mucha facilidad. Siempre lo había comprado con el cd, pero ahora que lo he probado así, lo prefiero.",2
"Bonita cesta
Es para meter troncos de la chimenea, a mi personalmente me parece que es muy decorativo, de buena calidad y capacidad. Lo volvería a comprar aunque a mi marido no le entusiasme mucho porque no era lo que el quería para guardar trocos pero no tiene nada que ver con el cesto que es estupendo. Llegó en perfectas condiciones.",2
"Me ha gustado
Meha sorprendido , llevo 1 mes con el aniño y no se me ha puesto negro, ni feo. Y estoy usandolo siempre, hasta con lejia.",2
"Bien relacion precio y calidad
Bien relacionado precio y calidad",2
"Calidad pero demasiado calurosa.
Me ha gustado que ajusta bien y se nota que es buena calidad pero no me gusta que da mucho calor.",2
"Bonitos
Son redondos de colores variados y con diferentes dibujos. Van muy bien y quedan muy bonitos.",2
"Totalmente recomendable
Muy mono y original... Aunque la apertura con la cremallera es algo incomodo",2
"Comodidad y rapidez
Es muy cómoda y eficaz.",2
"Que es muy útil
Limpia muy bien y no deja pelusas además el precio adecuado, y trae 6 bayetas de colores",2
"Me gustan
Bastante cómodos, estética bonita la verdad y para él precio que tienen suenan bastante bien de momento me están convenciendo gratamente",2
"Buena relación calidad-precio
Pack de pilas recargables AAA de 1100 mAh, vienen 3 cartuchos de plástico con 4 pilas cada uno, cosa que viene muy bien para almacenarlas. Tienen buena capacidad y se cargan rápidamente. Estoy satisfecho con la compra.",2
"Si compras un kindle ponerle este protector
3 kindle he tenido, a todos los mismos forros.",2
"Todo perfecto
El artículo ha llegado a tiempo, se ajusta perfectamente a la descripción, la talla también se ajusta perfectamente a la que se detalla.",2
"Genial
Esta bueno,esperaba que fuera más rico...prove el de Nutella y la verdad me saben igual pero bueno está bien para tomarlo entre horas...",2
"Buen producto
Va al pelo, bonito, buen acolchado, por el precio está muy bien, los similares en tiendas de muebles rondan los 90 euros para arriba.. montaje fácil, lo recomiendo",2
"El precio
Gracias por tan buen servicio",2
"Tamaño para humidificar una habitación
Pequeñito, viene bien para una habitación a la hora de dormir ya que dura unas 6 horas enchufado y tiene la opción de La Luz. Para un salón queda pequeño y no da mucho olor con la esencia.",2
"Relacion calidad precio buena
Era lo que se esperaba. Un producto sin grandes pretensiones pero acorde a lo que se ofrecía. El pincel va bastante bien",2
"Repetire
El producto perfecto, repetiremos para la proxima. riquisimo y de buena calidad. Es justo lo que dice la descripcion del mismo.",2
Que bonito este año mucha gente viajo bastante y otros compraron casa,2
"Muy cómodas de llevar
Práctico para una rcp y dar las ventilaciones,buen tamaño para llevar de llavero...",2
"Calidad
Tiene densidad, buen agarre y una longitud considerable, me gustaría que fuera unos 10 cm más ancha. Buena compra, espero que dure. Con el tiempo veré si mereció la pena.",2
"Genial
A mi peque le ha gustado mucho, no para de jugar con ellos. Llegó rápido y sin problemas. Muy bien",2
"Son 8:26 y yo ya me estoy visualizando en mi cama durmiendo, cuando salga de trabajar",2
"buena compra. lo recomiendo
Son perfectas para trabajos caseros, aunque se echa en falta un embalaje donde guardarlo. El envió rápido y sin problemas.",2
"Muy práctica
Comodidad Gasta mucha tinta al limpiar los cabezales",2
"Buena calidad y envío rápido
Ha tardado 12 días en llegar, mucho más pronto de lo esperado. Buena calidad para el precio que tienen.",2
"Buena pinta
Muy bien empaquetado. Es para regalo, así que no puedo dar aún opinión sobre funcionamiento, pero pinta bien. A canarias, ha tardado dos semanas, muy rápido. Totalmente recomendado.",2
"El producto bien, AMAZON MAL
Robusta y firme pero demasiado grande para uso doméstico. El servicio de devolución de Amazon bastante mal y eso que soy prime",2
"cumple su función
Un gran accesorio de calidad para dejar apoyadas las patas de la caravana. Parece firme y resistente, bien acabado.",2
"Perfecto
Encaja perfecto con nuestra cama, al fin hemos encontrado una sábana que encaje genial!",2
Hoy me voy a dormir feliz buenas noches!!!!,2
"Su ergonomia
Es una máquina muy manejable y fácil de usar , sobre todo si se cae al suelo no le pasa nada . La pena es que se acaban rápido las pilas .",2
"Es lo que esperaba
El producto es lo que esperaba, el envio llego rápidamente y en el tiempo indicado. El precio también ha sido muy correcto.",2
"Buen café
Buen café, lo compro a menudo y no me canso de el. Lo recomiendo para cuando queremos un café bueno a buen precio.",2
"Practico
Practico y fácil de usar.",2
"Gafas contra luz azul
El producto esta perfecto para ver la tele , pc , etc.... las gafas de buena calidad , vendedor recomendado",2
"Buena compra
Envio rápido y fácil de montar. Mi canario esta muy contento.",2
"Bastante correcto y bueno
Es bastante bueno y resistente. Se conserva correcto se podria mejorar, resistencia correcta pero mejorable. Lo malo, el ancho y que el sistema de cierre a las 30 veces de cerrar se tambalea y suena",2
"Igual que lo anunciado
Es perfecto para el movil. Cubre toda la pantalla. El embalaje venia un poco doblado pero el interior todo bien. Se acopla bien al movil y es facil de poner",2
"Buena variedad.
Por el precio es una muy buena opción. Aunque si que es cierto que siempre hay algún sabor que te gusta menos y nunca te lo acabas. Ideal para ofrecer variedad de cafés a las visitas.",2
"Comodos
Buena calidad y muy cómodos",2
"Plastico de mala calidad
Con el tiempo se rompe",2
"El producto fenomenal, pero un par de detalles feos...
En la descripción pone que mandan 6 pilas, es cierto, pero si van a añadir 3 de ellas que no son las originales de la casa lo deberían de indicar. Por otra parte la caja del estabilizador llegó un poco abollada, nada grave ni que afecte al uso real, pero no creo que a nadie le gusten ese tipo de cosas.",2
".
Incrementa mi energía y me ayuda a recuperarme de los entremos de alta intensidad. Muy recomendable después de los entrenamientos.",2
"Aceptables.
La calidad es aceptable pero no me gusta el elastico, espero equivocarme pero tiene pinta de que con unos cuantos usos se va a estirar mas de lo normal. Además son bastante largos y los prefiero algo más cortos. En cuanto a la talla es correcta pero de longitud como he dicho antes son más largos de lo normal.",2
"Sin ruido
Los mosquitos no se ahuyentan del todo",2
"Calidad precio aceptable
Fácil de poner, cubre la moto totalmente, tengo una Kawasaki z800 no se si es impermeable ya que la utilizo en interior",2
"Uso facil y practico
Es muy suave pero podria ser mas impermeable aunque hace la funcion que queria.",2
"Calidad y precio muy buenos
Calidad y precio muy buenos. Recomendado. El típico felpudo con la serigrafia de calidad. Amplio y envío muy correcto. Repetiria",2
"Producto recomendado
Buen producto para ensayar y buena calidad",2
"Contento con el aparato
Bien, a ver lo que dura",2
"Lo que necesitaba
Lo compré con un poco de miedo al leer aquí, algunas críticas donde se decía que a veces no funcionaba con el 5x. Yo tengo el 5S y de momento, todo sin problemas. Sin embargo sólo lo he cargado 2 veces hasta que Amazon me ha pedido que haga una crítica. Espero no tener inconvenientes en el futuro, así que de momento, ahí van las 5 estrellas. Nota: La longitud del cable, estupenda.",2
"Perfecta
Es una cartera pequeña, que permite llevar tarjetas, billetes y un par de monedas. Su diseño y tamaño la hacen perfecta para llevar lo justo y necesario sin que parezca que lo que llevas en el bolsillo es un antiguo Nokia tipo ladrillo. Muy contento con la compra.",2
"Satisfecha
El artículo vino bien empaquetado y en perfecto estado. Se adapta perfectamente al colchón de 180x200 siendo de más de 30 cm de grosor.",2
"Bien
Lo tengo ya varios meses y me encanta. Vino todo bien embalado. Solo vino un pintauñas roto. Sin la brochita. Por lo demás perfecto",2
"La sonrisa de Blanca
Muy entretenido, no puedes parar de leer para ver el desenlace.",2
"Fantastico.
El mejor de lady haga y entrega en 1 dia",2
"que es solo para ese reloj
Me ha gustado porque la que tenia se rompió y no es un articulo que se encuentre facilmente",2
"Bien
Vino todo perfecto sin ningun problema como esperaba y la talla si te mides mas o menos aciertas seguro la que necesites",2
"Mejor de lo esperado
Bien acabado y ajuste perfecto",2
"Según lo esperado
Todo correcto. Dentro de lo esperado. Lego no defrauda.",2
"Cómodo
Llego muy rápido. Buena calidad del tejido. Lo he llevado puesto dos horas en el trabajo frente al ordenador y he sentido la espalda muy aliviada. El comprarlo ha sido por que paso muchas horas delante del ordenador me ha resultado comodo de poner y estar con el sin que nadie lo notara",2
"Colchoneta animales
La colchoneta es muy bonita y tiene buena calidad.Todo perfecto y envío super rápido",2
"Muy bien hecha
Me gustó mucho, no se puede usar mucho tiempo por lo menos a mi me asfixia.",2
"Cómodo y fácil manejo. Ángela Domínguez
Producto totalmente recomendable, ya que está bien para aquella persona que quiera iniciarse en el mundo del deporte. Buena relación calidad precio. De fácil transporte y con libro de instrucciones para quien lo necesite.",2
"Práctica mochila de viaje y para vuelos low cost
Esta es la segunda mochila q compro. La primera fue la negra hace ya unos años y no había opciones de colores como ahora. A la primera le habíamos dado mucho tute y seguía como nueva. Se lava perfectamente en la lavadora y es muy ligera por lo q no te resta peso cuando la llevas llena. Tuve que comprar otro pq nos lo dejamos en el extranjero asi q no dude en comprar el mismo (pero en otro color jaja). El problema de la mayoría en las baratas es en las cremalleras. Con este no hemos tenido ningún problema y el tejido y cosido muy resistentes.",2
"Cliente Amazon
Es una funda de almohada muy bien hecha, con buen tacto y cómoda. Y, el envío llegó en pocos días.",2
"Buen producto
Relacion calidad precio correcta",2
