text,label
"Si en lisant le synopsis vous avez envie de voir ce film, passez votre chemin. Le scénario est plutôt bon durant les 30 premières minutes, ensuite c'est du gros n'importe quoi. Ya du mystère, mais très mal exploité. Les ""méchants"" sont sont bidons, et les gentils sont idiots. NICE. Et pour finir, les dialogues sont du niveau d'un gamin de 10 ans.. merci la vf, ou merci le scénariste ? Dans tout les cas, je ne vous le conseille absolument pas, et je vais tenter de vite l'oublier !",0
"Décevant...pour un sujet aussi grave (la différence physique et le rejet qu'elle engendre), j'attendais mieux! L'histoire des deux jeunes se mélange trop et porte un message assez inepte, sur des ""différences"" qui seraient en fait très similaires. Mettre dans le même sac l'homosexualité et l'hermaphrodisme est l'erreur de ce film: le récit, dans sa volonté de toucher, nie les implications biologiques et identitaires de ces deux identités, et fait croire à tort que le vécu serait finalement identique. Entre un défaut de naissance et l'identité ambigue d'une part, et le choix de sa sexualité à l'aodlescence d'autre part, le scénario semble ignorer le vécu des personnes concernées. La sensation de rejet (ou sa peur) qu'un individu peut ressentir ne veut pas dire qu'il vit exactement ce que vit une autre personne, rejetée pour d'autres motifs. Cela, le scénariste l'a oublié. Bref, une idée de base interessante, mais dont le résultat est assez niais, voire dangereux, car il mélange allegrement le psychologique et le biologique, vu comme au même niveau, avec les mêmes implications. D'un sujet aussi sensible, j'attendais mieux, et moins ""militant"" (au sens où on veut faire passer comme message de tolérance une absurdité pour ceux qui vivent l'hermaphrodisme). Les gens affectée de cette particularité, s'ils aspirent évidemment à être acceptés, n'en regrette pas moins d'être ""entre deux"". Pour connaître une personne dans ce cas, je peux vous dire que ce film l'a aussi déçue. la fin est tellement loin de son vécu, et de son désir de savoir que quel côté être. On peut faire dire ce qu'on veut à une personnage imaginaire, y compris l'ambiguité à vie vue comme une philosophie ou même un choix assumé (!). Dans un monde fait pour deux sexes (indépendemment de leur orientation sexuelle, cet amalgame fausse l'histoire!), dire qu'on peut vouloir rester perdu au milieu est une fantaisie de scénariste, et non le message de tolérance qu'il voulait sand doute faire passer.",0
"Décevant
Idem le protege ne tiens pas très tres bien et le moindre petit choc causé sa se casse vite pareil je dois racheter",0
"NOTICE
Pas de notice en français",0
"Pas contente
Pas du tout a la taille !!!!!!!! Je ne suis pas contente achat inutile!!!!!!!! Je ne suis pas contente de cet achat",0
"livraison
pour la première fois, je suis avertie que mon colis se trouve en point relais alors que j'ai demandé la livraison chez moi...je ne comprends pas pourquoi. J'ai une boite à lettre très visible, et dans laquelle le livreur peut aisemment y mettre ce que j'ai demandé...!!! je suis cliente chez amazon depuis très longtemps et c'est la première fois que ça arrive. de plus lorque je clique sur ""suivre la livraison"" je n'obtiens aucun renseignement et le numéro de suivi est inconnu !!!!",0
"fragile
La protection écran s'installe facilement mais elle est bien fragile à l'usage. Bien que soigneux, la protection est déjà endommagée après quelques semaines d'usage. C'est bien la première fois !",0
"En gros, c'est le premier, mais on s'est dit que y avait encore du pognon à gratter auprès dès parents dont la marmaille hurle dans la voiture pendant les embouteillages qu'ils veulent rentrer à la maison ou aller voir les 102 dalmatiens. Un scénario pueril doté d'un suspence infantilisant et lénifiant. Tout ça pour dire quoi ? Que les méchants restent méchants et n'ont pas droit à une seconde chance ? L'inspecteur Harry s'en charge déjà, merci d'être passé.",0
"Mauvais qualité, diamants trop gros
Les faux diamants sont beaucoup trop gros, manque d'élégance",0
"Inox très suspect et de mauvaise qualité
Inox de mauvaise qualité dans son ensemble je déconseille",0
"article chaud ventre
ce n'est pas que je n'aime pas chaud ventre mais article toujours pas reçu au 4 janvier et commandé depuis le 30 novembre",0
"Produit arrivé plié
Le Produit est conforme à la description donnée par le vendeur. Il est Arrivé plié sur un côté du zéro",0
"""taillent petit""
J'ai mesuré le diamètre des tubes de ma serre, ai acheté ces clips qui correspondaient, mais j'ai du forcer pour les mettre, résultat des courses, la bâche est fragilisée et se perce en laissant les clips qui tiennent bien par vent...",0
"Mixeur en panne
Bonjour Le mixeur que j ai achete chez vous à déjà rendu l âme malgré une utilisation modérée . L intérieur du mixeur à comme fondu et les pièces en plastique se sont détachées. J aimerai soit recevoir un autre produit ou être remboursé . Merci . Cordialement.",0
"très fragile
on voulant simplement retirer le téléphone de sa coque les ergots plastique ont cassé",0
"Arrivé cassé 2 fois
Arrivé cassé 2 fois, la deuxième fois juste une toute petite fêlure mais il s'est fissuré au moment de l'installer. Pas solide du tout.",0
Un film certes très poétique mais totalement ennuyeux. A ne regarder que si vous désespérez de ne pas trouver le sommeil.,0
"Vraiment moyen !! L'histoire est plus que cliché, le casting est simple ainsi que la réalisation et les chorégraphies... rien de bien extraordinaire dans ce ""StreetDance 3D"" qui n'apporte rien au genre ""film de danse"" !! Je lui accorde deux étoiles, pour la scène ""romantique"" entre les deux héros que j'ai bien aimé, et pour le personnage de Carly... Après le reste c'est pas forcément mauvais, mais c'est très simple.",0
"Déception
Déçu produit qui tient pas",0
"Ne recommande pas
Déçu même pas tenu une minute",0
"vendeur nul
jamais recu le produit",0
"a quoi bon achete ce produit puisque il a pas de notice en france
a prêt avoir contacte le vendeur et de avoir suivie ce information il ce avéré que mémé avec ces information impossible de le faire marche ???",0
"c'est deja de recevoir les sonline 20pcs
j'allais les employez pour mes poules et la j'ai perdu mes sou",0
"Commande jamais reçu
Commandé le 25 août, a ce jour le 21 octobre, je n'ai jamais reçu ma commande. Et pas de réponse du vendeur",0
"Bravo le made in china
Pièces manquante, Pas d'insert de tube sur ce produit, visiblement courant sur l'engin vue l'un des commentaires précédent alors attention. Tant pis pour moi, ça m'apprendra à monter le produit 1 mois après réception, direction la benne pour cette camelote.",0
"ARNAQUE
Ce produit vendu comme un lecteur blu-ray ne les lit absolument pas ! Je ne recommande pas du tout.",0
"NUL. Acteurs avec le talent d'un carton. Effets spéciaux horribles. Scénario pourri. Bref, comme dit plus haut: NUL.",0
"sent trop fort
le collier sent très fort c'est un peu dérangeant un de mes chat ne le supporte pas on verra si c'est efficace",0
"un appareil à éviter - mauvais choix
Mon mac mini est en panne à cause de cet appareil. Ce n'est pas une plaisanterie. Cet appareil est dangereux et à éviter. Il est flatteur par son design et son prix correct mais il n'est manifestement pas au point.",0
"Jamais reçu.
Je n'ai jamais reçu cet article qui était pourtant arrivé à une plate-forme amazon à 10km de chez moi... Chez Amazon il n'y a pas de voleurs que des volés. Le remboursement s'est fait sans problèmes mais le jeu qui était pour l'anniversaire de mon fils n'est jamais arrivé.",0
"Problème
La frontale fonctionne juste quand elle est en charge Dès que je la retire de sa charge il se passe rien",0
"Tres mauvaise qualité
Le produit est bien arrivé... Mais une vrai catastrophe une fois déballé... Le cyan a coulé partout... Pareil avec une des cartouche xl black. Donc disons que ca reste une bonne affaire, mais faite attention une fois déballé.",0
"Ce qui pêche le plus dans ce ratage, c'est d'avoir osé sortir des hommes de cro-magnons en tant que tueurs ou menaces ou... autre chose dans ce pseudo film d'horreur ! pourtant, vu les acteurs et le tout début de film, on aurait pu espérer mieux... que ce navet !",0
"Nul nul
Trop petit ça glisse sur la peau c'est pas agréable. Fil qui sort au niveau de la taille. N achetez pas cette camelote",0
"Pas adapté fuite
Ça fuit même à l envers ça coule de tous les côté dommage les enfants ont été déçu il faudrait trouver un système pour que l eau passe dans la tête de l animal",0
"déçu encore une fois
c est le deuxième puzzle que j achète dans cette collection le 1 était la tour Eiffel ou il manquait une pièce et la le big ben il manque une petite pate au niveau du socle",0
"pas reçu
HONTEUX a ce jour je n ai pas reçu mes deux verres !!! Si cela continue comme ça je ne vous ferais pas de pub",0
"Déçue
J'avais commandé cette brosse soufflante pour mes brushing de cheveux mi longs mais l'air n'est pas suffisamment chaud pour donner une forme aux cheveux. J'en avais un qui m'a duré des années et dont j'étais satisfaite mais je n'en trouve pas de semblable. Je suis déçue.",0
"Attention : Très forte odeur de peinture !!!
A peine reçu et déballé, le jouer et aussitôt partis à la poubelle. En effet, l'odeur de peinture (et produit chimique ?) était insupportable !!!",0
"Peu lumineux
Galets de bonne qualité mais ils sont très peu phosphorescents",0
"Pas correct
Ne correspond pas du tout à la couleur!!!!!",0
"Qualité médiocre.
Oscilloscope de mauvaise qualité. J'ai personnellement reçu un exemplaire ayant un fort niveau de bruit sur le canal 1. A la lecture des différents avis, certains fonctionnent correctement, mais c'est un peu la loterie je pense. C'est dommage car le kit est complet, et cela aurait largement suffi à mon usage de débutant. Matériel renvoyé et remboursé. Je préfère m'orienter vers un modèle mieux fabriqué.",0
"Couvre bien l'écran mais un gros défaut
Franchement déçu, impossible de l'utiliser avec le lecteur d'empreintes digitale",0
"Apprendre à écrire des mots :le loto des alphas
bonjour je viens d'utiliser ,pour la 1ere fois ,le loto des alphas avec mes petits enfants et surprise il manque 3 cartons de lettres importantes ! c est vraiment très dommage car mes petits enfants adorent les alphas j'espere que vous allez pouvoir remédier à ce problème cordialement",0
"Parfum passé
Produit éventé. Je suis déçue d'avoir reçu un produit périmé qui approche les 90 euros... Quel dommage de la part de Amazon.",0
"commande incomplète
J'ai commandé deux coques vierges et il m'a été livré UNE seule coque vierge et une clef complète qui est inutilisable!!!",0
"La solidité
J ai utilisé ce produit avec ma Brother groupe E1 donc compatible je l ai utilisé quelques jours et il est déjà cassé un espèce S s est détaché du coup le bras est complètement mou ...",0
"Ennuyeux
Je ne comprends pas les 4 et 5 étoiles distribuées pour un livre mal écrit, une histoire complètement invraisemblable et un couple ennuyeux au possible. Les dialogues sont affligeants de niaiserie, les 2 protagonistes sont censés être des personnages durs, mais en fait rien de cela. Le livre m'a semblé long et vraiment ennuyeux à souhait. Grosse déception !",0
"correct
fonctionne bien mais ce n est pas un bolide !!!",0
"Super mal coupée
Honnêtement vraiment déçu les coupes sont super mal faite",0
"Bizarre
Pas cher mais j'ai pas l'impression qu'il y as du produit dessus ?!?!?!",0
"Mauvais dans tous les compartiments, une direction d'acteurs abominable, un Fernandel ridicule, un film prétendument comique qui ne fonctionne jamais, des numéros de music-hall dignes d'une fête paroissiale, une bande son grotesque, Nancy Holloway annoncée sur l'affiche mais coupée au montage, et une fin d'une idiotie à peine croyable. A sauver à la rigueur quelques scènes de bagarres souriantes.",0
"Colis non livré alors qu'il est indiqué livré
Attention, colis vendu par Amazon et livré par Colis privé. Sauf que celui-ci n'est jamais arrivé ! Réclamation faites auprès du transporteur qui m'indique 4 jours de traitement de la demande ... autrement dit, c'est quasiment mort pour noël ! Je modifierais mon commentaire suivant l'issu de ce problème mais c'est vraiment moche. Et surtout Amazon ne m'a pas habitué à ça jusqu'à présent.",0
"rouleau de peinture
suite a ma comande recue cette article j'ai voulue faire la peinture résultats article c'est mie a fuir directement je suis vraiment déçue de cette achat",0
"Avis mitigé pour cet article
Sac sympa mais je suis déçue car la bandoulière a cassé lors de la 1ere utilisation. Est il possible d'en avoir une de remplacement ?",0
"maniabilité et adaptation vraiment moyen
pas vraiment pratique",0
Des actrices et des acteurs formidables. La réalisation et le montage restent confus. Dommage.,0
"une qualité pas au top
j'ai acheté ce produit car je le trouvais beau. je n'ai pas eu de souci pour installer le premier support mais le second a présenté des problèmes de filetage (points de soudure sur filetage) ; résultat : un support pas très opérationnel ni propre.",0
"Deçue
Je suis déçue car un oeuf sur les 2 est arrivé cassé donc le slime était sec, donc l'un de mes enfants a boudé car il faudra le partager.",0
"pas top
N'adhère pas totalement correctement au téléphone donc le côté tactile est bien moins pratique à utiliser !! Dommage et je ne recommande pas",0
Malgrès Isabelle Nanty et Edouard Baer le film s'àvère totalemnt insipide.,0
"Ne repousse pas les moustiques
Inefficace contre les moustiques.",0
"Moins chère mais moins d éléments
Dommage qu'il manque les animaux (pingouins et tortue) et quelques éléments du carrosse (coquillage etc...) c'est la raison pour laquelle on paye moins chère.",0
"Inutilisable
Totalement inutilisable. Il faut pas avoir fait polytechnique pour voir que la fiche ne leur Peut pas s'adapter sur le chargeur de la Wii, ni sur la wii car la forme est dans le mauvais sens.",0
"Film à petit budget, sans grandes surprises. C'est plutôt mou dans l'ensemble, et parfois peu crédible et chaloupé. Bref, parfait lorsque l'on a rien à faire d'autre de mieux !",0
"ne fonctionne absolument pas
j'ai acheté cette poupée pour ma petite fille car on partait à la mer. A aucun moment elle n'a rougie très décevant! les piles étaient neuves on l'a laissée en plein soleil rien du tout",0
"Mediocre
Qualité médiocre. Pratiquement plus aucune sensibilité de l'écran tactile apres installation du verre",0
"Un comédie dramatique anodine, où Bruce Willis incarne une célibataire incapable d'éprouver de réelles émotions qui va prendre conscience qu'il a oublié son âme d'enfant et ses sentiments. Un sujet peu original, mais quelques idées qui le sont trop.",0
"les langues étrangères
Conception attrayante mais vraiment trop léger pour y placer des pots de fleurs Mode de montage en langue étrangère",0
"Teinte et texture pas terrible
Reçu rapidement mais déçu de ce produit tant vanté . La teinte nude est horrible ça fait un effet plâtre sur le visage , teint très terne et pale, la texture sur la peau est assez grasse et marque mes pores.. obligé de mettre de la poudre Si à la limite les teintes étaient plus jolies il aurait eu une bien meilleure note Par contre il est très couvrant c'est bien mais autant mettre un fond de teint qui serra plus adapté",0
"le seul intérêt de ce film..........c'est de voir le cul de Louise..........pour le reste on se demande si c'est une spécialité française de faire des films aussi pourris ? ...............la réponse est oui , je crois bien......!",0
"Toujours pas livré
Je devais être livré entre le 20 et le 30 décembre. Aujourd'hui le 1er janvier, je n'ai toujours pas été livré. Je ne peux donc pas évaluer ce produit.",0
"Ne prenez pas le Premium
La boîte est de bonne qualité mais déçu qu il n y a pas de protège cartes à se prix",0
"Erreur de livraison
C est pas les bons verre on m a envoyé les verres pour un s7 edge . Que fais ton ? Pouvez vous me remboursé",0
"Je ne recommande pas cette article
La poubelle s ouvre dès que l ont passé tout près .",0
"Réactivité
Le verre trempé en lui même s'adapte parfaitement à l'écran mais il y a un manque de réactivité sans doute à cause d'un manque de colle au centre du verre. Tout en haut c'est pas mieux , on n'a du mal à faire descendre le menu. J'ai acheté ce verre trempé pour rien , j'ai essayé de le mettre de différentes façons et au final je l'ai retiré et vais le ranger :(",0
"Déçue
Produit reçu ds un mauvaise état. Tout plier. Très déçue",0
"Pas terrible
Très déçu par sont confort !!J'ai mal au dos tout les matins .Je ne le conseil pas très chère mais ne me plait pas",0
"Assez décevant
En fait, le journal n'est pas rechargeable, les pages sont collées à la couverture. Si on tire dessus un peu trop fort j'ai peur que cela se déchire. Je ne crois pas à sa résistance dans le temps et le tout fait un peu cheap. Il n'y a que fermé qu'il est joli...",0
"Objet détruit par le transport
La première commande de ce produit que j'ai faite s'est très bien déroulée dans un petit carton. Mais la seconde, l'ampoule et la boite se trouvait dans une lettre d'envoi avec un peu de papier bulle et on été massacrée par le transport. Merci de bien protéger les ampoules à l'avenir, elles sont très fragiles.",0
"Bien mais...
Pour le prix, cette gourde est très bien, j'ai pu infuser des fruits rouges c'était top et ca aurait mérité 4 étoiles, cependant hier au boulot la gourde qui était pourtant bien vissée, s'est ouverte par le couvercle à visser du bas dans mon sac à dos, vous imaginez la misère... Donc j'enlève 2 étoiles car pour infuser des fruits et rester dans le frigo à la maison elle est très bien.",0
"""Killing Zoe"" est avant tout une grosse déception. J'avoue avoir eu une grande soif de violence en regardant ""Killing Zoe"", et pensais réellement que ce film allait pouvoir l'étancher. Il faut dire que les quelques extraits que j'avais vus faisant très envie. Finalement, il n'en fut rien. Juste un goût amer lié à la déception de voir ce film incohérent et inintéressant ne rien proposer. Juste des personnages et une histoire sans intérêt, de longues scènes assez chiantes, et pire que tout, ne procurer aucun plaisir...",0
"Thermomètre à sucre
Il a été acheté en même temps que la bassine à confiture en cuivre.Il est resté dans son emballage car,la cuisson sans ébullition a duré 5 heures donc aucun contrôle ne s'est avéré nécessaire,malheureusement.Je ne sais donc pas juger le thermomètre.",0
"Ne charge pas
Produit qui semble pas mal mais ne se recharge pas!! Je ne sais pas comment faire pour la garantie :( si quelqu un sait",0
"Article non conforme à la description
J'ai acheté cet article pour la fonction ultra-sons (fonction anti-tartre). Surprise : L'ARTICLE REÇU N'A PAS CETTE FONCTION ! Il a la fonction brossage (peu efficace) et la fonction blanchiment des dents (qui ne m'intéresse pas). Je me suis fais arnaqué. Soyez méfiant lorsque vous commandez. Je ne sais même pas où renvoyer l'article.",0
"Nuancier
Produit livré en temps et en heure bien emballé mais reçu abîmé, equipe d'amazon très réactif produits retourné et remboursé.",0
"Mauvais produit envoyé
Nous avons reçu un câble USB à la place d un câble HDMI, et vu le nombre de commentaires négatifs sur le caractère défectueux du produit nous ne souhaitons pas repasser par eux pour remplacer le bon câble. Demande de retour demandé mais pour 5 euros, si nous devons payer le retour, c est une perte. Je ne parle pas des délais de livraison...",0
"""La Légende du scorpion noir"" signé Jingchu Zhang est un drame chinois comme il y en a des milliers. Histoire basique avec une mise en scène pas franchement alléchante ni captivante, ce film n'apporte aucune nouveauté dans ce style surexploité en provenance d'extrême Orient. On se retrouve face à un scénario qui rapidement vous lasse et vous déçoit puis à des phases de combats peu originaux où les nombreux ralentis viennent entacher une qualité déjà bien meurtrie. En clair, ""La légende du scorpion noir"" est un film lambda qui ne jouit que de la présence de Zhang Ziyi pour redorer un peu le blason de cette production sans âme.",0
"Bof
La cravate en elle-même est jolie mais par contre le clip c' est fragile donc à chaque fois j'ai toujours peur qu'il casse surtout que je l'utilise tous les jours",0
"Sympa sur le court terme mais se détériore avec le temps
Le set est très jolie et ravira l'enfant auquel il est destiné. Cependant sur la durée (et donc suite à de nombreux lavages), les images se détériorent.",0
"office 2016 32 ou 64 bits
lien de téléchargement reçu très vite, par contre, en suivant le lien donné dans le mail, pas de possibilité de choisir la version 64 bits; version anglaise obligatoirement chargée, ce qui impose de télécharger aussi le patch langue française",0
"Moyen plus
Pas convaincue, je préfère le coton tige et l alcool sans odeur! Là je passe mon temps à nettoyer les mines à ce rythme là il ne va pas faire long feu...",0
"Ne correspond pas avec la photo .....
L'appareil n'est pas mauvais , mais il ne correspond pas à la photo ! peut être le nouveau modèle ! dans ce cas changez la photo .... de plus trop chère , même matériel vu à 25 euros port compris avec ""prime"" (que je possède)... mais bon, c'est bien fait pour moi, la prochaine fois je regarderais de plus près ...",0
"Antenne TNT intérieur
Pour moi cette antenne est complètement inefficace, j'ai essayé de capter des chaînes sur tous les murs de mon appartement, rien même pas une chaîne, cette antenne fonctionnait très bien quand je la mettais sur le balcon. Dommage car c'est une antenne d'intérieur.",0
"Non recommandable
La qualité du produit laisse à désirer",0
"Comment dire... un mauvais nanar ! Le film était plutôt bien noté , mais je ne comprends pas, ce n'est pas drôle, c'est très mal filmé. Aucun intérêt.",0
"Jamais reçu...
Jamais reçu après plusieurs semaines d'attente : remboursement immédiat.",0
"HDD ne fonctionne pas
Ce disque dure externe fait buger mon ordinateur (16 RAM). Disque en permanance en demande de d'analyse et réparation mais ne trouve rien. Parfois mon PC ne s'éteint UNIQUEMENT si je débranche le HDD. C'est un gros bordel !!",0
"Un film un peu fatiguant car ça papote sans arrêt et l'intrigue n'a pas trop d'intérêt. Toutefois notre regretté Bourvil est excellent, dans un de ses premiers rôles !",0
"Petite expérience
Je n'ai pu m'en servir que 3 fois, elle a explosé d'un coup, sans personne dessus !",0
"Fait un bruit qui dérange
Le diffuseur fait son boulot mais il est pas du tout silencieux. Il fait un bruit qui dérange, dommage que j'ai jeté le paquet, je l'aurai rendu.",0
"téléphone de base
sans intérêts pas rapide du tout",0
"Déçu
Quelle surprise de constater que c'est vraiment minuscule. Ne joue pas son rôle même avec du vent.",0
"Tablette deja en panne!!
Tablette commandée pour noël et déjà en panne, elle s'allume mais reste bloquée au stade du demarrage!!! J'espère un échange ou un remboursement.",0
"article non reçu mais doit etre remboursé
J aurais bien aimé savoir quel efficacité avait ce produit mais impossible article non reçu.je suis déçue moi qui me faisais une joie de le tester",0
"1 sur 2
Bonjour, je viens de recevoir mes 2 shakers. Problème : l'un d'eux était cassé au niveau du bouchon qui était fendu. Du coup en ouvrant la bouteille le morceau fendu m'est resté dans les mains. J'ai quelques craintes quant à la qualité du plastique du coup sans compter que les produits sont arrivés avec des couvercles très poussiéreux . J'ai demandé un retour et un remboursement. Dommage je pensais avoir justement sélectionné un produit de qualité, je dis déçue.",0
C'est long et lent... Revu mais hélas pas corrigé... Plus d'une heure à chercher ce qu'il faut trouver au film... Du temps perdu à surfer sur des sujets d'actualité moralistes et répétitifs... Vive l'évasion !,0
"PARFUN SOIR DE PARIS DE BOURGEOIS et non pas EVENING IN PARIS DE bOURGEOIS
très très déçue . J'ai commande SOIR DE PARIS de BOURGEOIS ET je reçois EVENING IN PARIS. Je me moque que ce soit la ""traduction"" en Anglais. Sous le flacon c'est bien marqué Made in France BOURGEOIS alors pourquoi changer le nom. De plus je ne reconnais pas l'odeur et c'est de l'eau de parfum qui ne tient pas du tout! Je sais qu'il y en a qui viennent de New York mais ça n'est pas ça que je veux. Vraiment TRES DECUE",0
"Toile imbibée d'essence
Catastrophe !!! La toile m'est arrivée imbibée d'essence, odeur insupportable... J'ai même pas osé renvoyer l'article. Je l'ai directement mis a la poubelle, tellement c'était insupportable !!! Faudrait qu'on m'explique ce qui s'est produit ? A fuire....",0
"Livré à moitié
Bonjour, Cela fait 2 fois que je commande cette article et je me fais tout le temps livré que la moitié 50 paires au lieux de 100",0
"J'ai beaucoup aimé la premiere rencontre de la princesse avec les clowns de Madame Gingembre. Ou l'on peut d'ailleur entendre ....""la voila la petite ... (voir le film pour entendre la suite)""bien que les vois est été modifié c'est plusqu'audible ... est-il normal dans un film tout publique ciblant les enfants d'avoir ce genre de propos !? Je serai curieux d'entendre la VO pour entrendre si c'est aussi croustillant ou si c'est une simple improvisation des doubleurs FR ... P.S. Dailleurs en ecrivant cette critique, en utilisant le mot que j'incrimine j'ai u droit a etre modéré ... Cela dit le film ne semble pas classifier tout publique...",0
"Bof bof
Très mauvaise qualité Le bouton marche arrêt a lâché au bout de la 3eme utilisation C est vraiment très decevant",0
"Housse bache moto
Jamais eu cette housse et aucun remboursement à la clef. Bien sûr amazone se dédouane en disant que c'est un autre fournisseur.... Un peu facile à mon avis",0
"Le set de 3 valises
Un peu déçu de ce produit car j'ai fait un voyage en TGV et déjà une roulette défectueuse, c'était son premier voyage!!",0
"Jamais reçu
Expédition organisé par amazon via lp collect. Jamais reçu, colis endommagé. Si je n'avais pas demandé ce que devenait mon colis, je pense que je serais encore en train de l'attendre. Prés de 10 jours de retard sur la date de livraison sans qu' amazon ne se pose de question. Remboursé, ce qui est la moindre des chose. Mauvaise expérience avec un transporteur d'amazon, après colis privé c'est lp collect maintenant.",0
"Ne passe pas sur ma voiture.
Inutilisable, entraxe trop large ne peut être monté.",0
"Ne tient pas très bien à la voiture
Produit conforme à la description. Le seul hic c'est qu'il ne s'accroche pas bien au tableau de bord et tombe 5 minutes après avoir aimanté le téléphone. Dommage",0
"Difficile à manier
Cadeau pour ma nièce. Dès qu'elle a voulu l'essayer ( pourtant elle avait suivi un tutoriel) ses cheveux se sont coincés dedans. Elle a dû couper la mèche",0
"Qualité modique
Enveloppe en métal mais avec des finitions moyennes. Le socle d'ampoule n'est pas fixé et bouge dans la carcasse. La longueur des fils est courte: 30cm.",0
"Article manquant
Mon colis ne comporte q une seule pièce alors que j en ai commandé 2!!!",0
"j'ai reçu totalement autre chose....
je n'ai pas reçu de Bandeau mais a la place, des led touch sensitive.... Je n'ai jamais commander cela. J'espère avoir des nouvelles du vendeur",0
"Tissu trop souple
Article renvoyé pas pratique ne maintient pas correctement et pas facile à mettre avec l anneau",0
"Encore plus ennuyeux qu'un téléfilm, le scénario est nul, les combats moyens. Cette mode de mauvais films sur les vikings commencent a me peser, rien ne vaut la série !",0
"Autonomie médiocre
Rechargée complétement, la batterie tient à peine plus de 3 heures avec un wattage de 30w, étonnamment bas pour une batterie de 5000 mAh.",0
"3 jours et déjà cassé !
Après trois jours d'utilisation, une des barres s'est désaxé ! Moins solide qu'en apparence. Déçu de mon achat.",0
"Pas la bonne quantité reçu !
Les Quantités ne sont pas respectées ! J'ai réceptionné 6 filtres au lieu de 8 comme indiqué dans le descriptif de l'article.",0
"capteur solaire faible
je trouve que le capteur solaire ne marche pas bien et ne tient pas longtemps la lumiere.",0
"Inutile de perdre votre temps avec ce film, il en existe des cargos du même genre bien meilleurs.",0
"Remboursement
J'ai pas reçu mon colis, veuillez me remboursés merci",0
"PAS SERIEUX
1 mois après ma commande,je n'ai toujours rien reçu ...Nous sommes le 19 juillet ,je devais la recevoir je 1 er JUILLET ! Comme c'est une petite somme, il pense que l'on n'est pas très regardant et comme ça ils peuvent continuer leur façon de faire.",0
"Article défectueux
La poche fuit dans un des angles du bas. Ce qui m'oblige à mettre un seau en-dessous pour pouvoir l'utiliser mais ne rend pas son utilisation impossible car la fuite n'est pas très importante. J'aurai bien retourner l'article pour le faire rembourser mais les frais d'envoi vont me revenir à presque le même prix que mon achat. De plus le tuyau est un peu trop rigide, donc pas très malléable.",0
"Contrôle
Comment contrôler si l'appareil est actif contre les Acariens?",0
"Article jamais livré
Utilisation scolaire",0
"Surtout ne pas monter sur ce bateau... Une histoire d'un couple qui ne vont pas tarder pour partir en mer histoire de changer d'air, vont se devoir se coltiner deux jeunes délinquants pour rendre service à un juge. On sent direct les situations ""con con"". Mais c'est que le début sachant qu'un troisième se pointe... Tout est un pathos sur l'apprivoisement.",0
"Bof
Ne fonctionne pas comme on pourrait l'imaginer . Dommage car ça doit être très pratique . En revanche pas cher",0
"Ne fonctionne pas.
Ne fonctionne tout bonnement pas ! J'ai tenté de la démarrer puis la mécanique a du ce bloquer a l'intérieur le lanceur est bloqué. Pris contact avec le vendeur pour un retour proposé par celui-ci , mais j'attend encore un bon de retour et plus de nouvel de celui-ci. Ci ce message peux faire avancer les choses Cdt.",0
"Très déçue
Très déçue du produit. Difficile de mettre les grains sans en verser à côté, le couvercle ne peux pas être poser sans me provoquer des crissements de dents, la manivelle doit être bien tenue sinon elle tombe. Bref, je déconseille",0
"Nul
Ne correspond pas à mes attentes déçu du produit je ne recommande pas",0
"Bien
Bien mais difficile de lire l'heure ?",0
"Livraison
Etat des emballages. Réserves effectuées En attente au déballage",0
"Double face pas esthétique
Déçu car le double face à beaucoup de bulle d air du coup pas très esthétique L anneau que l on peut tourner à 360 est assez dure à tourner Mais sinon rempli ses fonctions",0
"Métaphores, second degré, niveaux de lecture multiples : tout un programme mais pourquoi pas... Sauf qu'ici, mis à part un premier acte assez drôle, rien pour accrocher le spectateur qui s'ennuie devant un film qui se veut sans doute trop intelligent. Pas emballé !",0
"Escroquerie sur Amazon
Emballage différant de l annonce produit très médiocre pas conforme à l annonce tromperie sur la marchandise très mécontent de cette achat",0
"Pitch intéressant au démarrage qui s'enfourne gentiment vers le grand n'importe quoi. Trop maladroit dans sa mise en scène pour effrayer, cette modeste série B avait un potentiel mais manque aussi de quelques explications finales. Il est là le problème à vouloir faire trop stylisé, on se brûle les ailes.",0
"Rien de personnel n'a rien de flamboyant. Dans un huit-clos morose et sans affect, les scènes se succèdent sans aucunes folies particulières. Un montage ambitieux, certes, mais qui tourne vite en rond et n'apporte pas grand chose au scénario de départ qui reste plat, à défaut d'être interpellant.",0
"Très médiocre...
Je suis déçu de ce produit.Je m'attendrais à mieux pour tout dire. J'ai commandé 2 fois ce produit, la première fois, on m'a envoyé un autre produit au lieu de ces écouteurs. Lors de la deuxième fois, j'ai "" enfin "" reçu ces écouteurs. Et il y a beaucoup de points négatifs... En premier, vous pouvez le voir dans les photos, l'écouteur gauche fait presque 3 fois la taille de l'écouteur droit. Un gros défaut ! De plus, ça rentre difficilement dans les oreilles car les embouts sont assez gros. Donc si vous utilisez ces écouteurs en vous déplaçant (exemple : jogging), il y a de fortes chances qui ne tiennent pas dans vos oreilles et tombent. La qualité sonore est basique, rien d'exceptionnel ou de mauvais. Donc je vous conseil de chercher ailleurs, je pense même que des écouteurs bas de gamme à quelques euros qu'on peut trouver dans une station de métro ou dans un aéroport a moins de défauts que ces écouteur.",0
"Beh c'est pas bien, y'a 2 3 choses pas mal mais dans le gros on s'ennuie! Sans interet",0
"Déconseillé
Une vrai merde !!! En charpie au bout d'une semaine et la protection d'écran reçue cassée en 3 !!!",0
"A fuir !!!!!
La cartouche est proposée pour plus de 1000 impressions : on arrive à peine à la moitié ! Je suis déçu, on ne m'y reprendra pas.",0
"Bof
Colle pas super les faux ongles tombent assez vite",0
"Performances
non performant niveau décibels.",0
"qualité médiocre
le produit est bien plus beau en photo qu'en réel, la qualité du tissu est médiocre, je vais pas le garder longtemps, pour la taille c'est approximativement passable, dommage je voulais vraiment ce vêtement.",0
"Déçue
Je suis très déçue de ce produit , Le fil se casse régulièrement donc inutilisable",0
"Nul
Ne tiens pas du tout la chaleur !!!!",0
"Vraiment médiocre
J'ai acheté ce produit car les commentaires me paraissait intéressant mais je pense vraiment m'être fait arnaquer car pour le prix un produit qui pour moi n'est ni plus ni moins que de l'eau et vraiment une honte, je me demande même si les commentaires ne viennent pas 2 clients ayant reçu le produit en cadeau.....",0
"Ne colle pas
Ne colle pas la semelle d'une Vans Totalement inutile. J'ai bien fait comme marqué. Je ne recommande surtout pas a part si vous voulez perdre de l'argent.",0
"Fragile
Joli mais les anneaux sont déjà décalés au bout de 3 mois d'utilisation ! Déçue",0
"Livraison déplorable !!!!!!!
Ce soir 20h une voiture s'arrête devant la maison et jette mon colis par dessus le portail au bout du jardin. Le voisin me contacte parce qu'il a assisté à la scène. Je téléphone à AMAZON et mon interlocuteur me dit que le livreur est peut être en retard et que c'est pour cela qu'il a agit de cette manière. Merci AMAZON . Je ne recommanderais pas du tout ce site.",0
"""Agathe Cléry"" est très décevant parce que le postulat de départ (une raciste qui devient noire) pouvait être beaucoup plus incisif. L'intrigue est prévisible. Les gags tombent souvent a l'eau mise a part quelques un qui se détachent du lot mais ne sont pas du niveau d'un ""Tatie Danielle"" par exemple. Ce film est une comédie musicale, c'est peut être l'un des autre point très négatif. Les chansons et les chorégraphies ne sont pas exceptionnelles (sauf la parodie de Mickael Jackson). On notera cependant le talent de Valérie Lemercier et des maquillages incroyables. Dommage pour un réalisateur qui avait fait ses preuves auparavant, ""Agathe Cléry"" est beaucoup trop creux.",0
"cela ne faut rien
le prix est dérisoire reste les frais de transport. Crayon impossible a tailler les mines se casse le bois ne semble pas etre du bois très dur a tourné dans un taille crayon reste la méthode a l ancienne avec un couteau bien aiguisé mai sla encore la mine est parfois cassée a l' intérieur.C'était un essais .Produit non recommandé",0
"Bon confort mais..
Commandé suite aux éloges de certains youtubers,alors oui super confortable, très bonne autonomie,bonne finition mais le plus important la qualité audio... Beaucoup trop d'aigu, sature très rapidement,son très agressif,medium correct,basse en retrait obligé de monter les basses fréquences sur l'equaliseur.. Donc très déçu de mon achat que je regrette beaucoup.. Amazon au top comme d'habitude",0
"Défaut RDS
Le rds ne fonctionne pas. Il marque sur leur annonce RDS . Mais réellement il ne recherche pas les bonne radio. Pour mon cas retour chez expéditeur",0
"Super doux
Très doux mais pas une bonne tenue du tissu, trop fin...",0
"Pas solide durée de vie 6 mois
Pratique mais poignée cassée en moins de 6 mois. Donc pas solide et devenu inutilisable.",0
"Manque l'applicateur
Le câble a l'air bien (même si je me rends compte que le diamètre est beaucoup trop fin par rapport a mon besoin ; mais ça c'est ma faute). En revanche il manque l'applicateur, ce qui rend le câble inutile (ou alors il faut une très grosse motivation)",0
"A EVITER
L'article est de mauvaise qualité. Malgré mes demandes, le vendeur refuse de me délivrer l'étiquette retour. Et aucun support de la part de AMAZON.",0
"""Mais que diable étaient allé-t-ils faire dans cette galère?"" serait la phrase qui nous viendrait à l'esprit en parlant du trio Delon-Jannot-Giraudeaux dans ce navet.La performance des acteurs n'est pas formidable:Delon fait du Delon.Enfin,ce film essaie de faire passer une idéologie certes vraie mais éculée:la guerre ,c'est mal.En plus , de par une absence de bon scénario,on s'ennuie ferme,donc,un Delon à éviter...",0
"moyen
les rustines tres bien mais la colle laisse a desirer il a fallu en remettre en deux fois",0
"Ecouteur
Produits qui ne fonctionne pAs",0
"Trop grand
Mauvais maintien, trop grand, inefficace, cher pour ce que c est.",0
"a eviter
J utilise ce fil avec un stylo .le fil est de mauvaise qualité,il n'adhère a aucun support ,la liaison entre les passes ne se soudent pas entre elles . le fil est cassant et les objets réalises n'ont aucune résistance mécanique. fil a Eviter pour avoir de bons résultats.",0
"Rien à dire
Aspirer mais pas assez puissant",0
"Produit pas conforme au S8
La protection se décolle après 24h00. La taille ne correspond pas aux dimensions de l ecran",0
"Je ne recommande pas se collier
Le collier fonctionnait très bien au début et a rapidement calmé les aboiements de mon chien. Maintenant,le collier se déclenche même quand mon chien n'aboie pas et il se vide a grande vitesse et la citronnelle n'a plus aucune gène pour mon chien au bout de 3 mois.",0
"Pas très fiable
L'an dernier j'ai acheté un pèse personne Terraillon dont je suis pleinement satisfaite : il est joli et la pesée est identique au pèse personne de mon médecin ou de ceux de mes enfants. Cette année, j'avais besoin d'un second pèse personne et j'ai racheté un Terraillon un tout petit peu plus cher que le précédent. Seulement, la pesée marque presque 900g de plus que le 1er. Pourquoi cette différence ? Est-il bien étalonné ? J'ai pourtant respecté la procédure pour sa mise en route. Je suis donc déçue.",0
"qualité mediocre
très mauvaise qualité",0
"Tout simplement ne colle pas se décolle au bout de quelques heures.
Tout simplement ne colle pas se décolle au bout de quelques heures",0
"Si l'apparition d'un spidey dynamique et blagueur dans Civil War était anonciateur d'un excellent reboot, on peut dire que c'est raté! On a droit à la place à une romance à deux balles, un spidey neuneu (oh mon dieu la scène entre lui et l'acheteur d'armes juste avant le ferry) et des incohérences à tout va (8 ans après Avengers?!! Vous etes sérieux? Apprenez à compter avant de faire des films pourris)! Une belle arnaque!!!",0
"Pas convaincue...
Pas accroché à cette histoire que j'ai trouvée invraisemblable et exagérée. Les commentaires enthousiastes des autres lecteurs me laissent perplexe.",0
"ce film remake d'un des meilleurs film de romero , est un beau rattage , ce qui aurait pu etre un exelent remake n'en est pas un , la faut a des realisateurs , et a des acteurs qui ni crois pas , exit timoty olyphant toujours aussi bon . Les effet speciaux sont passable , un film qui ce laisse regarder mais qui ne restera pas dans les memoires",0
"Manque de serieux
Reçu sans les petites barres en bois servant a pousser ! Il est joli mais pas très solide. Je ne recommande pas",0
Pas incontournable mais The Gunfighter est un western de qualité que les amateurs du genre apprécieront.,0
"Fonctionne mais mal pensé
Finitions à revoir, j'ai un adaptateur NANO vers SIM qui est arrivé mal coupé, j'ai dû le re-couper moi-même (voir photo). La nano SIM ne reste pas placée dans l'adaptateur j'ai résolu le problème en mettant un ruban adhésif double face, un peu dommage mais sinon fonctionne très bien pour le prix.",0
"très mauvais produit
le réducteur n'est pas du tout conforme à la photo de l'annonce, il est recouvert par une couche de peinture qui a brulé des la première utilisation. le réducteur est bombé, la cafetière tient en équilibre dessus, c'est encore pire que sans rien !",0
"Très basique et pub mensongère
Le moins que l'on puisse dire c'est qu'il n'est pas très sophistiqué. Les bords coupés n'ont même pas été rabattus. Le titre ""miroir incassable"" est scandaleux car le premier est arrivé cassé ! Il faut dire que l'emballage était très succinct. Pas de problème pour en récupérer un... normal. Mais c'est quand même très ""léger""",0
"Mauvais emballage
Très mal emballé et donc arrivé complètement cassé....",0
"pesant? certes, fatiguant, sûrement. La mise enscène que je juge maladroite, le voyeurisme inconscient de l'auteur, l'incohérence du scénario font de ce film un migrainant du tonnerre. Je savais que l'aspirine était efficace, mais je ne savais pas que son contraire etait aussi fidele....",0
"Si le film a bien un thème celui d'un homme esseulé,qui vie par procuration sa vie dans les photos des autres. La narration est bourrée de clichés qui rendent non seulement le personnage pathétique,mais aussi la mise en scène qui alourdit tout le temps son sujet.",0
"Un navet. C'est quoi ça , des petites histoires sans queue ni tete qui ne se rejoignent jamias. A part un ou deux les autres histoires sont pourries.",0
"Passer son tour
Extrêmement déçu !! Au bout d'une semaine le fermoir est cassé,il est carrément tombé.",0
"puissant Aphrodisiaque
aucun resultat et Aucun effets sur moi et sur mon amie qui elle est normale.",0
"De qualité médiocre et pas tout à fait conforme à la photo
Assez cheap, cet article semble fragile et se clips mal. On ne voit pas le logo ""pomme"" à travers comme sur la photo et ATTENTION, le protège clavier vendu avec est en QWERTY et non azerty comme les modèles de Mac Français. Dommage. Il va servir quand même mais je m'attendais à mieux.",0
"reçu cassée
reçu sans carton boite très abimée",0
"Film sans intérêt, sans lieu d'être ! Lent, nul... Acteurs de pacotille... Je ne le recommande vraiment pas !",0
"Film trop inégal, avec des passages inintéressants et d'autres très bons. Je l'ai trouvé globalement assez vide...",0
"contenu ne correspond pas !
j ai commande ces ballons pour un anniversaire de mariage qui a lieu dans 5 jours. les 10 ballons dorés manquent !!!!! et je n ai pas le temps de renvoyer d attendre le remboursement et de recommander ! que faire ? ce n est pas honnête",0
"Mauvaise qualité
Cartouches qui sont normalement compatibles! Elles peuvent être placées dans l'imprimante mais ne sont pas détectées. En forçant l'impression on peut imprimer mais l'encre est de mauvaise qualité et ne dure pas très longtemps. Très déçu et je déconseille ce produit.",0
"Endommagé
D'un bel aspect, cet arrosoir avait une fuite en raison d'une anomalie de soudure. Je l'ai renvoyé. Le remboursement a été effectué très rapidement.",0
"Logistic nul
Meme pas livré..noté livre scandaleux..",0
"A EVITER
Il ne tient pas bien dans le port usb C et donc déconnecte souvent tous les périphériques qui y sont branchés !",0
"Probleme de qualite
Achete pour fixation dans placo Tres decu par la qualite, chevilles casses parfois malgre utilisation pince speciale et il arrive que les vus deteriorent le pas de la cheville Normalement molly edt une reference mais la je suis un peu decu",1
"bon drone
Bon drone, manque juste une notice en francais",1
"qualité aléatoire
j'ai commandé deux coussins, je suis très surpris car ils n'ont pas du tout la même densité de mousse. L'un est mou l'autre ferme. Donc nous n'allons en garder qu'un et peut être en commander un autre. En revanche il semble de relativement bonne qualité pour le prix.",1
"Antenne
Bien reçu mais pas utiliser à voir",1
Santé : 250 000 décès de plus par an à partir de 2030 à cause du changement climatique - Bioaddict http,1
"Mitigée
Ce sont des crayons pour débuter...mais il ne faut pas trop vouloir faire d'effet avec.",1
"Grand contenant
Pour le prix, c'est un un contenant assez grand, donc bon rapport quantité-prix. Le produit sent bon et est agréable à utiliser. Pour l'efficacité, à voir à posteriori car après 3-4 utilisations, je ne vois pas vraiment de différence.",1
"bien
produit reconditionné avec léger défaut cosmétique mais indiqué sur l'achat. par contre envois dans une poche plastique et carton completement détruit. c'est normalement un cadeau dommage autrement sérieux.",1
"Durée de vie courte
Marche bien au début mais avec le temps la partie qui se branche au niveau du disque dur est moins stable qu'initialement et le fait de bouger le disque dur peut le déconnecter",1
"Un peu déçue
Arrivé le 6 janvier, soit 2 jours à l'avance, par contre, un peu déçue car l'un des deux chargeurs fonctionne mal.",1
"fuseau
Malheureusement trop grand en taille mais j'ai put le remettre en une taille inférieur et tout va bien je recommande au personnes qui désire en acheter un de prendre une taille en dessous de la l'heure",1
"Très absorbante, mais colle aux pattes !!!!!
J'ai voulu faire un dernier essai de litière car l'un de mes chats ne supporte que les grains très fins, niveau odeur, poussière... rien à dire, c'est parfait ...... mais, elle colle aux pattes des chats surtout s'ils ont les poils long comme les miens !!! du coup ils m'en foutent partout dans l'appartement. Je recommande donc cette litière qui n'est tout de même pas donnée à la condition d'avoir un très grand espace est un bon aspirateur automatique !!",1
"Excelent pour les mortiers
Juste diamètre un peu petit",1
"bon produit
A noter les parois manque de rigidité si votre chat grimpe dessus le cube s affaisse en partie sinon ce produit ne réserve pas de mauvaises surprises .",1
"Le même en français serait parfait
Pourquoi ne pas proposer la même chose en français. Ce serait beaucoup plus simple. La qualité est bonne. Il s'ouvre facilement et se referme efficacement. La taille est bonne.",1
"chaussure de kung fu : chausson
ces chaussures servent de chausson pour mon conjoint et ils lui conviennent très bien. Souplesse, légèreté et maintient des pieds.",1
"Soin dentaire canin
J'ai reçu le produit plus tôt que prévu. Parfait. Bien emballé. Conforme au descriptif. Je n'ai pas encore eu l'occasion de le tester sur ma chienne. Tout ce que je peux dire c'est qu'il a une bonne odeur et qu'il attire les papilles de ma chienne",1
"Moyen
La protection est légèrement plus petite que l ecran du coup les clips de la housse passe à coté de la protection et la decolle de l l'ecran. Grosse galère pour le tactile. Sans la housse pas de problème.",1
"Léger
Vraiment trop léger je m'attendais à ce que ce soit un peu plus ""lourd"" pour que ça tienne mieux mais tampis",1
"Krups XS 3000 Tablette de nettoyage pour...
Produit requis pour l'entretien des machines à café automatique Krupps. Font correctement le travail pour lequel il sont prévus .Restent chers pour des produits d'entretien nécessaires au fonctionnement correcte de ces machines.",1
"Très bien, mais pourrait être encore plus solide
Très bien, mais pourrait être encore plus solide",1
"Trop Grande
Housse de belle facture mais ne convient pas pour une Tablette Wacom Pro Paper, pourtant conseillé à l'achat. Elle est bien trop grande particulièrement en hauteur. Cette housse est destinée au anciennes tablettes.",1
"Bon cables mais pas de fast charge Huawei
Câbles corrects et les ambouts magnétiques tiennent bien. J'avais espéré qu'ils tiennent la super charge Huawei pour mon p20 pro mais ce n'est pas le cas. Je les retourne après essai.",1
"Correct
Rapport qualité prix justifié par le manque de qualité des finitions,couleur correspondant à l'image,maintien bien le téléphone par contre il ne faut pas être trop regardant sur les finitions,un peu décollé d'un côté,colle que à débordé de l'autre côté",1
"fonctionne bien
mais envoie trop de messages pour des évenements qui n'existent pas...",1
"Bien mais manque un interrupteur
Utilisé dans un aquarium de 60 litres il est éclaire suffisamment par contre les ventouses ne tiennent pas très très bien je trouve et surtout il manque un interrupteur on est obligé de brancher ou de débrancher ce qui n'est guère pratique",1
"Ce n'est pas du tout pour allumer une cigarette normale oui ça va pour une bougie
Le produit marche très bien le seul hic c'est que l'on dois galérer pour l'allumage de la cigarette",1
"Bien mais trop petit
Il est beau mais trop petit. Je n'arrive pas à lire correctement donc je l'ai offert. Pas de souci, je n'avais pas bien vu les dimensions.",1
"petit problème
J'ai bien reçu mes 2 boîtes contenant la brosse ainsi que l'herbe à chats et les fixations mais l'une des 2 était défectueuse...le réservoir pour glisser l'herbe était mal soudé..",1
"sympa mais pas hyper pratique
Acheté pour mon fils de 2 ans et demi pour faire office dans le bain, la canne n'est pas super pratique pour prendre les poissons, et les embouts de ceux ci sont assez fragiles et difficiles à pêcher.",1
"Qualité Moyenne
Film de qualité moyenne car j'ai fait un miroir magic et je vous tout l'intérieur lorsqu'il est éteint et même une partie lorsqu'il est allumé",1
"Se casse tout seul après 1 ans
Cette coque se casse en petits morceaux avec le temps... Cependant le service client est très réactif et renvoie une nouvelle coque en cas de problème.",1
"Bien
Pas de soucis particulier",1
"Histoire sympa
Dommage que ce soit écrit au passé simple, ce qui alourdi le style. On se prend facilement au jeu de l'aventure.",1
"Crédible mais le sujet n'est pas forcément celui qu'on pense y trouver.
On s'attend à une aventure menant en Egypte mais on se trouve finalement face à une histoire à mi-chemin entre le développement personnel et quelques considérations ésotériques. En fait j'ai commencé par le 3e tome (A l'intérieur de la terre) que j'ai trouvé beaucoup plus intéressant et fascinant. Reste que ce que dit l'auteur est crédible est les nombreuses zones d'ombre qui restent et dont l'auteur affirme ne pas avoir le droit de s'étendre ne font à mon sens paradoxalement que renforcer le côté vrai de cette histoire.",1
"emporte pièces Dinosaure de cuisine
Produit reçu conforme à ma commande. La qualité est moyenne, usage intensif à proscrire, fragile. Métal acier inox pourquoi pas en INOX, tout naturellement, pour la cuisine",1
"Un peu fragile
Pratique mais de qualité moyenne Livraison rapide",1
"Bonne qualité mais vernis de mauvais gout (pas le mien en tout cas!)
Colis trop mal fait arrivé dans un état inquiétant, écrasé et moitié ouvert, mais le tapis était intact à l'intérieur. C'est ennuyeux puisque je vais le renvoyer, car je n'aime pas du tout la couleur, qui n'est pas fidèle ( en tout cas sur mon écran) aux photos. Il est à mon gout beaucoup trop vernis, brillant d'une teinte orangé sombre qui gâche l'apparence naturelle du bambou, dèja très present dans ma salle de bain, et donc il dénote. Sinon, la qualité à l'air correcte et, si l'on aime le style, je ne le déconseillerais pas.",1
"moyen
Fan de la série, nous avons été déçu par celui-ci. L'histoire ne nous a pas emballé. Le principe est également différent des autres livres Escape game de poche.",1
"Comme sur les photos
Pas tester c'est un cadeau pour Noël, l'emballage est un peu léger carton abîmé !",1
"Overboard
Bonne livraison, robuste correspondant bien à la description un vrai bonheur pour mes enfants , le seule bémol est le son du démarrage qui est beaucoup trop fort et pas réglable mais qui ne dure que quelques seconde!",1
"batterie et taille
La batterie de la cam de ma commande se vide vite à moins d'une heure. pourtant je l'allume à ma sortie du bureau.",1
"plastic fragile
le plastic qui maintien les coins de la tablette a cédé et donc plus aucun maintien au bout d un jour..",1
"bien mais ...
bien écrit ..mais parfois les abréviations utilisées ne sont pas claires .intrigue un peu compliquée et j'ai eu du mal à comprendre qui était coupable!",1
"orange
commandé en jaune (sur l'image) et reçu en orange flashy, pas très beau mais fera l'affaire quand même. le plus : ne fuit pas quand on le retourne le moins : pas de bouchon pour fermer complètement l'arrivée des liquide (je ne parle pas du capuchon protège tétine mais bien d'un bouchon hermétique) autre moins, la poignée tourne sans cesse et n'est pas fixée au biberon",1
"jolie vinyle
jolie réédition avec un disque vert et un rouge, malheureusement encore reçus avec la pochette abîmer !",1
"Bon mais
Le seul point négatif est la fermeture du compartiment de la pile qui ne tient presque pas et qui tombe TRES facilement.",1
"produit abîmé
Comme pour un autre modèle la plaque est arrivée tordue. Très déçue par ma commande. 2 plaques sur 4 reçues abîmées!!",1
"Avis mitigé
Le produit est très beau et agréable à tenir en main le brumisateur fait son effet par contre il y a un manque de puissance comparé à d'autres produits de cette taille",1
"Correct pour une remise en forme
Ces haltères sont correctes si le but est de se remettre tranquillement au sport. En revanche, si un usage régulier est votre objectif, passez votre chemin. Je les utilise 4 fois par semaine depuis 4 mois, les fermoirs en étoiles ne tiennent plus grand chose, le sable contenu dans les haltères coule un peu sur le sol par moment, et ce qui me chagrine le plus : le diamètre des disques ne sont pas de tailles standard. J'entends par là que si vous avez dans l'objectif d'acheter des barres supplémentaires, par exemple une barre droite ou EZ, le diamètre des disques sera trop petit pour les faire passer sur d'autres barres... Si j'avais su, j'aurais pris des disques en fonte de taille standard.",1
"Housse de téléphone bof
Elle est jolie mais pas forcément pratique car ne se ferme pas vraiment bien, le clapet avant ne se bloque pas donc pas top pour une réelle protection de l'écran.",1
"Couleur ne correspond pas trop au visuel...
J'en avais déjà une de cette marque et de ce modèle dans une autre couleur. J'en ai racheté une car le simili cuir sur le rabat devant se décolle... Je l'ai reprise en bleu turquoise et je suis un peu déçue du rendu qui est plus foncé que sur ce qui apparaît sur le site... Avis mitige donc.",1
"sac
beau sac.on dirait du cuir. grande capacité .une poche à l'arrière du sac bien pratique.à l'intérieur beaucoup de poches de rangements.",1
"Produit conforme à la description
Livraison arrivée avec plusieurs jours de retard. Ce n'est pas dans les habitudes d'AMAZONE ! Un peu déçu.",1
"Léger
Cintre pratique et léger mais je crains la solidité",1
"livraison rapide
je l est mi sur les carreaux dans ma salle de bain très jolie",1
"Jolie montre
Jolie montre mes le bouton pour changer l heures ces cassee. En plus ces plutot large le bracelet ce regle pas. Mes sa fait chic quant meme.",1
"Une vision élargie
Acheté car dans l'impossibilité de brancher 2 écrans externes sur portable. Bon produit. Super champ de vision jeux . Mon fils approuve :)",1
"Dommage
Je suis vraiment déçu.. la fermeture arrivé milieu du dos veut plus se fermer et ni s'ouvrir d'avantage..et bizarre rien ne bloque dans la fermeture..Dommage parce qu'elle est magnifique..",1
"trop lent, autonomie trop faible
Tout est dans le titre : l'appareil est lent, l'autonomie d'une journée au mieux. La manipulation est assez simple mais parfois un peu aléatoire en raison de la petite taille de l'écran.",1
"Mange debout fonctionnel
Mange debout. Le plateau est un peu voilé et assez difficile à fixer et à ramener droit",1
"Déçu !!!!
J'aurai crus que sa aurai était super pour finir je me suis rendu compte qu'il a était utilisé je suis sur à 100 pour 100 que cest un produit reconditionner il a des griffe etc dessus",1
"Correct sans plus
Qualité correct mais un peu difficile à faire rentrer correctement le système dedans mais pour le prix on ne va pas se plaindre",1
"correct pour le prix
web cam peu cher qui sera très bien pour streamer débutant ou visio conférence, la qualité vidéo est correct sans plus, l'avantage c'est qu'elle se débrouille pas trop mal même avec une lumière faible, niveau fluidité c'est très bon, dommage cependant qu'elle ne fasse pas 60 fps mais à ce prix ont peut pas tout avoir. Le micro par contre est horrible et l'autofocus ne peut pas être fait en manuel dommage ... Voilà petite cam sympas, mais clairement pas la meilleure du marché.",1
"solide et sexy mais pas forcément très pratique
Le parapluie a l'air solide (je viens de le recevoir) mais un peu lourd dans le sac (mais si on veut du solide...) et surtout difficile à ouvrir et fermer: il faut forcer; peut-être ça ira mieux à l'usage. En tout cas ne s'ouvre pas en un clic, c'est manuel... Pour le reste, le look est sympa.",1
"Écrou
Écrou correcte mais les diametres ne sont pas totalement correcte.",1
"Bien
Pas mal pour le prix seul regret l aimant de fermeture qui est faible en maintien à revoir Bon achat",1
"Bien
Assez ressemblant à la photo mais beaucoup moins brillante et très épaisse",1
"Plutot lourd
Beau mais ajoute beaucoup de poids à l'appareil",1
"Produit conforme
Faire attention à la vitesse de rotation, celui-ci tourne très lentement, mais c'est écris, j'ai pas assez lu.",1
"Delai de livraison et les temps perdu avec le service client
Aimé la montre dans sa totalité Par contre je lai obtenu au bout de la 3ème commande. Colis perdu puis égaré pour enfin la recevoir.",1
"pas ce que j'attendais
le produit est donné sur le dessin à 123 cm ouvert et non fermé donc un peu trop grand pour moi,à part ça très pratique pour le rangement,pas difficile pour le montage(à part les rails faut trouver le bon sens)",1
"Ca vaut pas plus....
Venues d'Inde. Livraison longue. Qualité bonne. Toutes petites.",1
"ne ferme pas uniquement pour repas au frigo
uniquement pour mettre au frigo",1
"Cassée
Mitigée. La figurine est belle, la qualité est pas mal mais elle est arrivée avec les pattes cassées.",1
"Help
Reçu dans les temps indiqués mais je ne sais pas les ouvrir si quelqu'un peut m'aider svp Merci d avance",1
"Pourquoi pas
Si y a rien d'autre...",1
"Nero Burn Express 4
Il y à beaucoup plus simple et moins cher moyennement satisfait",1
"Moyen
Le produit est conforme en lui même mais le trou pour l'appareil photo n'est pas placé au bon endroit. j'ai du refaire le trou aux ciseaux",1
"Fragile
Éclaire correctement une chambre, pas plus. Livré avec une clé usb cassée. Qualité des plastiques et d'assemblage médiocre. Livraison rapide.",1
"EMBALLAGE ABIME
Je connais déjà la gamme alors j'ai commandé les yeux fermés. Un bémol cependant : nous l'avons reçu avec un trou dans le carton mais le plastique intact. Ma fille ne l'a pas encore ouvert ; j'espère que le contenu ne sera pas dans le même état.",1
"Housse
Correct pour le prix",1
"Jolie effet
Effet très sympa même si le kit est trop petit pour ma TV dommage sa mériterai de changer la description est de le passé sur des TV plus petite",1
"Filet de sécurité trampoline
Trampoline, au bout d'un an tout c'est craqué il faudrait un renfort en haut",1
"déçue
Déçue par la matière ,ressemble à du satin ,et non à de la microfibre",1
"prise au piege
bonne surprise .l enquete est classique mais les personnages ont de l epaisseur,le suspens ne dure pas tres longtemps ,mais on est tenu en haleine,quand meme .Bon ,ce n est pas Simenon,mais on peut passer un bon moment en le lisant.",1
"Bruits intéressants
Les ailes font un bruit de papier que bébé adore. Le problème étant la partie centrale de l'oiseau qui lourde et qui pourrait faire mal à quelqu'un quand bébé jette le jouet.",1
"Oui mais ...
Ne s'adaptait pas à nos chaises avec une assise un peu plus large que les assises basiques.",1
"Pas cher et qualité en ligne
Un peu léger mais correspond au prix",1
"Tirelire
Tirelire très petite....ne vaut pas plus chère Avec une livraison avec 3 Sem de retard Je suis De vue du produit",1
"Bon produit mais se décolle avec coque
La protection d'un smartphone c'est une coque et une protection d'écran. Cette protection d'écran est à la bonne dimension, se pose facilement, est bien emballée et livrée avec tout le nécessaire de pose mais elle est incompatible avec l'utilisation simultanée d'une coque. En effet, la protection étant quasiment exactement de la même taille que le téléphone, elle vient buter contre le rebord de la coque et fini même par se décoller toute seule. Il vaut donc mieux prendre un modèle qui ne couvre pas totalement l'écran (ça existe).",1
"Saison 4 en zone 1... Dommage...
Le saison 4 est en zone 1, alors que les saisons 1 à 3 était en zone 2... Dommage... Je ne peut pas le lire sur le lecteur blu ray et pas sur lecteur DVD, mais les DVD marche bien sur l'ordinateur (je préfère voir une série sur ma TV), donc j'espère que la saison 4 sera un zone 2 rapidement...",1
"mignonne peluche
la taille OK, le visuel conforme SAUF le noeud et les boules sont rouges, pas vert comme sur la photo",1
"Tete à coiffer
N'est pas livré avec le pied télescopique figurant sur la photo et celui qui ce fixe à l'aide du serre joint n'est vraiment pas solide deuxieme jour déjà cassé .",1
"Support téléphone moto
Facilité de pose , maintien parfait du téléphone sans grandes vibrations , plastique fragile ça ne vaut pas un véritable Ram Mount",1
"Batterie
Difficile à monter soi même si on est pas bricoleur bien outillé.",1
"bien mais pas plus
pour ma petite fille qui adore Minie",1
"Correspond à la description et envoi rapide
Coque rigide et solide avec caches-boutons de marché,de volume ,bien conçue.",1
"Bon Produit
Produits bien présenter, avec lingettes pour nettoyer avant la pose. Les protecteurs sont bien découper assez épais, la glisse des doigts y est agréable. Le problème est justement l'épaisseur car il est peu flexible, rendant la pose particulièrement délicate.",1
"Jamais reçu
Colis jamais reçu. Rembourser par Amazon ensuite.",1
"Repose pieds basique bon rapport qualité prix
Cela fait plus de deux semaines que je l'utilise. Dommage qu'il n'y est pas la possibilité de bloquer le pivotement (haut bas) J'aurais aimé pouvoir le régler sur la hauteur car étant petite ce n'est pas très confortable !! Cependant je l'ai acheté en connaissance de cause On est sur un produit basique Livraison ras",1
"jet
J'ai été très contente de mon achat au début, il est arrivé rapidement, mais avec le temps il se détériore, quand je veux changer la façon de couler ça ne change plus rien, et les trous sont bouchés, j'ai mis du produit anticalcaire mais cela ne change rien. Du coup y a des jets qui partent n'importe comment",1
"plus costaud que la moyenne
j'ai acheté ce palan car il avait l'air plus costaud que la moyenne et c'est le cas. Par contre,le levier est bien trop court pour pouvoir exploiter le palan au maximum.",1
"Peinture du pare-feu écaillée dès la première utilisation
Article très bien emballé et donc reçu en excellent état. Le produit correspond bien aux photos sur le site. Assemblage facile. Après une première utilisation, la peinture du pare-feu est déjà détériorée. En ce qui concerne la table et le foyer, pour le moment rien à redire.",1
"Notice en français
Il manque la notice d'emploi en français dommage. Ou la trouver. Merci",1
"Pas super
Le cuir de cette ceinture n'est pas d'excellente qualité et il se déforme assez rapidement à mon gout. Qualité très moyenne donc mais en rapport avec son prix",1
"semble peu dissuasif
bien reçu, mais un peu décue : les pics sont petits et très soft, bien peu dissuasifs .... pas sure que ca fonctionne ..................",1
"Rien à dire sur le produit... mais la livraison...
Conforme à mes attentes. En revanche problème avec la livraison. Heureusement que ce n'était qu'un grille-pain sinon je pense que le colis serait arrivé vide. La preuve en images !",1
"trop ferme
trop ferme pour moi pas confortable du tout ! je regrette cet achat",1
"Peu mieux faire
Bon produit dans son ensemble. Par contre le colis est arrivé éventré. Et il me manque Deux des trois tiges.",1
"tres utile
sauf qe la ventouse ne colle pas sur le miroir tres embêtant",1
"jolie produit
jolie produit mais chaînette trop petite obligé de rajouter des maillon si c'et pour un tout petit coup sa va mais pour adulte trop court",1
"Ne coupe pas bien
Les lames des disques ne sont pas suffisamment aiguisée, il faut appuyer tres fort et mouliner longtemps. Bof bof !",1
"Livraison pas à la hauteur
Le livreur n'a même pas donné, alors que je l'ai attendu toute la matinée. Il a juste laissé un papier dans la boîte à lettres, et j'ai dû attendre lundi pour envoyer une amie le chercher au bureau de poste car mes horaires ne me le permettaient pas avant mercredi. Quand je pense que j'ai payé un supplément pour une livraison express.. J'ai l'impression d'avoir payé pour rien.",1
"Rigide et lourd
J'ai commandé cette coque pour protéger mon téléphone neuf. J'aurai du faire plus attention au descriptif; il est rigide et donc assez solide, mais le corollaire est qu'il rend le téléphone beaucoup trop lourd. Ce qui est loin d'être pratique pour cet outil dont je me sers pas mal à longueur de journée. Je renonce à l'utiliser. J'en ferai cadeau à un proche qui le voudra.",1
"BOCAL POUR RHUM
produit reçu bien emballé.Conforme à la description du produit . un Petit bemol dommage que le robinet soit en plastique",1
"satisfait
pour le moment aucun effet rien j'attends cela fait deux mois ??? On Vera à la long cordialement un client en attente",1
"sales
Colis livré rapidement, emballage parfait. Heureusement que je les ai ouverts avant leur utilisation car ils étaient sales. Par chance, les tâches sont parties avec du savon.",1
"Embauchoir de bonne qualité pour le prix
L'embauchoir est de bonne qualité pour le prix, mais, pour en avoir acheté 9 pairs soit 18. J'en ai quand même deux dont la poignée dorée qui sert à retiré l'embauchoir de la chaussure ne tient plus dans le pas de vis. Ce qui rend l'embauchoir très peu pratique.",1
"casque bluetooth
recu rapidement cadeau pr noel donc je ne l ai pas encore utilisé d aspect il a l air tres bien",1
"A voir
Bon parfum, toutefois l'emballage de la bouteille était ouvert et celle ci semble à moitié vide lorsqu'on la secoue. Difficile à vérifier car la bouteille est opaque.",1
"Boite ne correspondant pas au descriptif
J'ai commandé cette box pour Noël, le descriptif ne correspond pas à celle que j'ai reçu, en effet le produit réceptionné ne contient pas le Pin's choix peau, alors que c'était indiqué sur le site, le reste est parfait mais un peu déçu par ce problème,",1
"Ça va
Je pense qu'il était un peut plus grand me nn dommage un peu déçu me bon",1
"Petit
Mitigée, c'est mieux que rien, un peu petit",1
"Bien cependant..
Vraiment très bien cependant il m'a donné des boutons",1
"bien
Un peu fragile et un peu léger mais plutôt stable.",1
"Électrodes mortes d'un côté de la ceinture
Article efficace si usage intensif, mais après quelques mois d'utilisation le côté droit ne fonctionne plus, et je ne trouve aucuns moyens pour atteindre le SAV malgré les 3 ans de garantie.",1
"Sacoche bien complète mais ciseaux ne fonctionne pas
Un des produits qui se trouve dans la sacoche ne fonctionne pas (le ciseaux qui permet de enclencher le cable et de le couper automatiquement )",1
"USB
Bonjour, je cherche ou l'on branche le câble de chargement USB sur la cagoule. Merci d'avance pour votre réponse .",1
"Fonctionnel pour une utilisation simple.
Ma tige de découpe c'est plié sur du polystyrène, mais le fil de découpe est suffisamment efficace.",1
"convient
convient bien pour conserver les cigarettes éteintes étouffées mais pas pour éteindre une cigarette encore allumée avec cet article. g",1
"Pratique
Facilité d'emploi et assez facile d'utilisation. A recommander",1
"pas mal
ce ne sont pas les meilleurs sur le site point de vue qualité, mais vis-à-vis du prix, c'est imbattable ! bon pour faire du scrapbooking ou des décos qui n'ont pas à vocation de tenir dans le temps. elles sont jolies",1
"Montre
Jolie sans plus un peu déçue car .... compliqué à agrafer au poignet et le résultat n'est pas top. Dommage tout de même",1
"c'est un reveil
ce n'est pas un éclairage de stade que l'on demande, trop de lumière dispersée dans la chambre impossible de dormir. pas de finesse de réglage de l'affichage de l'heure au plafond ou au mur toujours trouble, manque de distance d'affichage, le halo lumineux est trop fort donc trop de lumière même en cachant l'affichage de l'heure sur le réveil autrement il fait jour ! en conclusion manque de discrétion trop lumineux manque de finesse c'est mon avis.",1
"Bof
Pas tres bien taillé",1
"Faire attention aux planches
Belle cuisine pour petits. Cependant à l'arrivée du colis, le carton dépouillé de tous les côtés, obligé de remette du scotch de partout. En ouvrant le colis, beaucoup de planches rayées et le décor ayant le carton abîmé. Mais ne manque aucunes pièces .",1
"Bien
Mettre une protection mousse au niveau de l'entrejambe . . .",1
"Manque 1 piece dans le kit
Bien reçu pas encore utilisé kit vendu avec 13 pieces reçu 12 pieces. je viens d'utiliser le kit les outils en plastique bleu se cassent des la 1ere utilisation",1
"batterie
article non conforme les encoches en plastique ne sont pas pareil j'ai due les couper pour rentrer la batterie dans le telephone",1
"Ne plaque pas sur la périphérie
Ne plaque pas sur la périphérie. Est-ce parce que l'écran est légèrement bombé? Pb esthétique mais ne se situe pas sur la partie tactile de l'écran.",1
"Bonne texture
Crème onctueuse. Par contre le produit ne sort pas quand on appuie.",1
"Téléphone obligatoire !!!
Je pensais que le téléphone offrait des fonctionnalités supplémentaires au podomètre, mais pas qu'il était indispensable pour le faire fonctionner. Ceci ne me semble pas très bien expliqué dans le descriptif. Aucune commande n'est possible sans télécharger l'application, même pas de régler la date et l'heure . J'ai juste réussi à le mettre en charge sur l'ordi, après fini car je suis en ""zone blanche"" et n'ai donc pas de portable ! Pas glop !",1
"Très belle coque
Très belle coque. Mais livraison très longue. 1 mois entre l'expédition et la réception",1
"Boff
Rien de particulier, ça fait rien sur le contour des yeux",1
"bel ensemble
l'ensemble est sympa mais la couleur réelle est plus terne que la photo et dommage que la taille soit vraiment trop grande.",1
"Boff...
Cette écran est assez facile a installer, mais il y a 2 problèmes : - L'écran est trop grand : on voit donc de la lumière sortir des côtés du téléphone, - Le tactile ne fonctionne pas bien : de temps en temps l'écran tactile détecte que l'on a touché le tactile alors que non...",1
"La taille est bien 4 bruleurs c'est mieux
La plancha est de bonne dimensions. Le produit est conforme a mes attentes mais pas assez de suivi derrières recu avec 1 semaine de retard et la plancha abîmé. Leur emballages est discret... produit bien fournisseur médiocre",1
"Question montage
Bonjour, j'ai l'impression qu'il me manque une partie du montage?J'ai les grandes feuilles papier en modèle, les parties (modèles numérotés) cartonnés avec le scotch qu'on enlève derrière, mais une fois le motif scotché au mure, ce qui apparaît est cartonné, je n'ai rien de plus à détacher ou à rajouter afin qu'apparaisse l'argenté.Merci de l'aide.",1
"Robe a porter avec un fond de robe
La robe devra etre porté avec un fond de robe, a part cela elle conforme a l'image",1
"bon produit
très bon produit même s'il n'est pas compatible avec nos appuis tête.... mais on s'adapte... un peu gênant quand on utilise une clef usb",1
"confortable mais pas facile a mettre
pour séparer les doigt de pieds si comme moi vous avez un hallux Valgus ça peu aider mais attention de la patience pour bien les séparer",1
"Chucky à l'armée
Pas le meilleur des chucky, mais on passe quand même un bon moment",1
"Bof
Leurre plutôt bof, pas efficace",1
"Pratique bien que petite
La brosse remplit sa fonction, le grattoir enlève le plus gros des grilles de bbq avant d'aller passer la partie poils métallique entre les rainures. Les poils auraient gagnés à être plus durs. testé au lave vaisselle : pas de problème. Commentaire utile ? Indiquez le ;)",1
"Grand choix
Grand choix de sticker. Les couleurs sont belles idéales pour faire de beaux albums photos.... Je ne regrette pas mon achat..",1
"MOYEN
le tablier est très joli mais plus décoratif que utile trop court pour protéger vraiment je ne conseille pas j aurais aimer qu il soit plus long",1
"Correct
Il fait son job cependant je m'attendais à une meilleure qualité d'enregistrement. Je conseille cependant pour un usage récréatif.",1
"Correct
Correspond à la photo. Pour un cadeau qui a plu. Contente dans l ensemble.",1
"Sympa
Très pratique pour tout dans la voiture. Mais dommage que les parois des côtés ne soient pas plus dur que cela...",1
"Question
le spray a une odeur de parfum je trouve çà étonnant pour un produit réparateur?",1
"Mini serre
Bien mais un peu petit et fragile",1
"Correct
Bonne qualité, sensation au touché excellente de même pour la sensibilité des touches. Seul défaut mais qui est assez important, sur les côté de l'écran 2 lignes verticales apparaissent et gens la visibilité et l'esthétique de l'appareil",1
"taille ne correspond absolument pas
juste la taille non appropriée",1
"Super carafe qui se range facilement
Une carafe très pratique pour le rangement car livrée en mille morceaux, elle prend peu de place dans un tiroir. En revanche, pour un usage normal, elle fuit ce qui est peu pratique.",1
"Très joli rendu mais pas très pratique
les trous et détails sont si fins qu'il faut repasser plus d'une fois au big shot pour avoir un rendu correct",1
"belle qualité mais...
emballage normal dans une boite à bijoux.Les boucles d oreille m ont l aire de qualité et sont plus jolie encore que sur les photos mais étant de l or je pensais avoir un certificat d authenticité...cela met forcément le doute sur la matière qui orne ce bijoux.A voir dans le temps",1
"Très bien pour le prix à voir sur le temps...
commander la taille au dessus.",1
"Pas de bonne qualité
Tres jolie chaine... mais s'est tres vite cassée et impossible a reparer sans payer plus cher que son prix... dommage",1
"Pas mal
L'odeur n'est pas tout à fait la même que l'original mais tout de même très ressemble, le parfum ne tiens pas toute la journée il faut en remettre une ou deux vaporisation, mais par rapport au prix on ne peux pas attendre beaucoup plus d'un parfum.",1
"qualité très moyenne du produit et de la notice
qualité très moyenne du produit et de la notice mais vu le prix on ne peut pas demander la lune",1
"Attention à la taille en largeur
Les attaches sont plus grosses que le tour du soutien gorge. Un peu difficile à attacher au début mais on trouve vite l'habitude.",1
"Bon rapport qualité-prix.
Pratique, qualité satisfaisante vu le prix.",1
"Bon quand même
Écoute de la radio internet le soir dans la chambre. Ps, le signal wifi décroche et instable Pas de port eternet.",1
"Fleurs de calendula
Je suis un peu embarrassée pour donner un avis, car ce cadeau est destiné à une amie ; Sans doute le parfum et le goût sont-ils aussi masqués que dans l'infusion de violette commandé pour moi ..? mais cela n'augure pas pour autant de la qualité et de la fonctionnalité du produit. Esperluette",1
"Pas.mal
Je ne l'ai pas depuis longtemps. Je ne veux pas faire encore de commentaire. Pour l'instant ça va",1
"Ne fonctionne pas
DVD acheté en décembre et ne fonctionne pas. Déçue d'acheter un produit qui ne fonctionne pas. Je devais l'utiliser et l'exploiter en classe.",1
"ne convient pas pour des flash cobra
Ce modeleur a pour but de contrôler les flux de lumières en incidence directe. Contrairement à une softbox ou un parapluie, le but n'est pas de rendre les ombres moins dures. Aussi les flashs cobra disposent d'un réglage de l'angle d'incidence de la lumière. Ce réglage suffit amplement à remplir la tâche de ce bol réflecteur. Par ailleurs le nid d'abeille provoque des ombres grillagées, qui peuvent être très gênantes si le but recherché est une image à la lumière uniforme. Cependant si vous disposez d'un flash à lampe omnidirectionnelle, il est excellent ! sa monture Bowens limite en revanche le nombre de flashs compatibles.",1
"talki walkie
le produit à l'air conforme à celui proposé mais pas encore déballé car cadeau de noël, livraison rapide et protégée",1
"conforme
bon rapport qualité prix, ce produit est facile à utiliser, bien penser à secouer avant usage, à voir dans le temps sur la contenance !!",1
"à éviter
bon son , notice en anglais et après déchiffrage et mise en route, très compliqué à utiliser, les boutons n'ont rien à voir avec ce qu'ils semblent être!!! donc dur dur",1
"Dommage
Produit qui est plus fait pour une petite salle de bain",1
"Piscine hors sol avec un bon volume pour un encombrement relativement réduit
Attention : le sol doit être correctement préparé pour supporter les supports (dalle béton ou sol compacté) et il faut compter presque 1m de dégagement autour de la piscine. La filtration sable est suffisante si régulièrement rincée. Les buses ne sont pas forcément bien placées et la circulation d'eau n'est pas optimale pour se passer de nettoyer très régulièrement la surface et le fond. L'échelle n'est pas de très bonne qualité : après seulement une saison la notre est branlante et rouillée.",1
"tableau pour liste de couses..
forte adhérence au collage, attention aux bulles..Rémanence des couleurs des craies liquides après effaçage .A voir dans le temps !!!!",1
"ETUI
Etui pas facile a fixer... Il faut beaucoup appuyer pour rentrer la tablette",1
"Répétitif à mon goût
Bon petit livre pour donner quelques petits conseils mais assez vieillot je trouve et répétitif dans la façon de faire . Aurait pu économiser la moitié des pages ...",1
"Bien mais pas jolie car bien trop gros
Le produit est de bonne qualité, je trouve sa juste moche et disgracieux car c'est vraiment gros, pour porter une serviette sa aurai parfait si c'était plus petit",1
"Mieux que prévu..
J'ai beaucoup hésité en voyant l'unique commentaire pour ce meuble. Et pourtant il s'est très bien monté (ce n'est pas le premier) ; la finition est très correct pour le prix (quelques petits défaut de peinture mais rien de méchant). Le rendu est très positif ; à voir maintenant dans le temps....",1
"Tee shirt gainant.
Confortable. Mais prendre une taille au dessus car sinon, roule sur le ventre ! Agréable à porter. A tester !",1
"Très bon smartphone
Très bon smartphone même si ce modèle a eu quelques bug Autonomie de 3 jours au moins avec une utilisation normale L'appareil est incroyablement solide à toutes épreuves . Je l'ai testé : il résiste incroyablement !!! C'est vrai que l'interface propre à Asus est trop important prend de la place Mais il n'empêche que les paramètres sont très judicieux , bien pensés et agréables à manipuler . Plus tard je pense que mon prochain smartphone sera un asus . À conseiller donc Mais attention il pèse quand même son poids on sent le poids de la batterie ! Et je le trouve un peu trop volumineux : difficile donc à mettre dans une poche de pantalon",1
"Qualité moyenne
Qualité médiocre mais pour le prix cela tiendra le temps qu il faudra",1
"Pas extra
La texture des morceaux de viande sont un peu durs, ce qui gâche un peu le plaisir. Dommage !",1
"Moyen
Manque de peinture sur certains endroit..je pense que le fournisseur devrai revoir les méthode de peinture .. Mais devrai faire sont travail.",1
"Protection trop grande
La protection est trop grande pour le clavier. Elle ne protégera pas le clavier contre les chutes mais seulement contre les rayures.",1
"Bon produit
Article correspondant à mes attentes. Colis arrivé un peu écrasé y a fallu reformer le trieur. Sinon RAS.",1
"Très utile
Le sac de transport est très maniable, un petit peu trop, car si tu fais rouler le sac derrière toi, il est ce met glisser sur le côté. Mais il est très utile, mes chats l'apprécie beaucoup, ils dorment même dedans.",1
"Fini le bazar dans le sac
Très féminin, confortable, grand et pratique, ce petit bout de simili cuir a changé la vie de mon sac à main. Plus de cartes de fidélité qui trainent partout.",1
"Très joli
Connaissant la marque je n'avait aucun doute sur la qualité du cuir, il s'agissait cependant d'un cadeau de noel dommage qu'il soit arrivé tâché et rayé (léger) mais pas TOP.",1
"Sympas mais à revoir
Livre sympa dans l'ensemble mais beaucoup d'erreurs dans les explications et consignes pas toujours très claires.",1
"Correcte mais pas robuste.
La qualité des ecouteurs sont correctes pour le prix et le son aussi. En revanche 10 mois après l'achat l'écouteur droit ne fonctionne plus. Est ce que la garantie sera a la hauteur...a suivre",1
Admirable film sur les conséquences du conflit au Sri Lanka et la difficulté de se reconstruire au milieu de la corruption et de la misère... Voir mon blog du 22 juillet.,2
"Non disponible ailleurs.
Demandé par l'école,non disponible ailleurs, Bravo Amazon,",2
"J'adore
Je les trouves génial je les commandes souvent. Cependant celles ci n'ont pas de cache et je préfère avec la protection (transport)",2
"Pas trop mal
Bon produit pour débuter peut etre un manque de calite de robustesse mais fait son travail pour un debutant",2
"Très bon thermos mais la peinture s'écaille au premier choc
La fonction thermos chaud ou froid est de bonne qualité, les liquides restent à températures pendant plusieurs heures. L'objet est beau et de qualité correcte par contre la peinture s'écaille facilement c'est dommage.",2
"Bon rapport qualité-prix
Bonnes poignées de fenêtres. Je les ai mises sur des portes-fenêtres afin que mes enfants ne puissent pas sortir de la maison. Ça fonctionne très bien! Simple et rapide à poser. Juste que la tige carrée fait 3.6 cm de longueur. Mes portes fenêtres sont prévues pour une tige carrée d'environ 2cm ... j'ai du toutes les recouper; à la scie à métaux, ça se fait très bien.",2
"Très confortable
Ce matelas est tout simplement surprenant, je retrouve enfin un sommeil réparateur. Je suis agréablement surpris, le rapport qualité prix est très bon. Il y a une surcouche mémoire de forme qui peut déplaire au début mais qu'on apprécie par la suite ! À voir sur le long termes mais vu son prix 1 ou 2 ans et c'est déjà rentabilisé",2
"Eclairage au top ,2 vis et c'est fixé , éclairage sympa .
Facile de montage . Une fois éteint , il y a un reflet des leds ,est ce que c'est normal ou pas ?? .Dommage qu'il n'y ai pas une boite de raccordement hermétique à l'arrière du projecteur .",2
"le jeux à avoir
The last round est un jeux de combat très bien pour les gamers nostalgique de Dead or Live. Mode histoire fascinante (je n'en attendait pas moins ) Produits neuf reçu emballé et impeccable.",2
"Très beau livre. Bon rapport qualité prix.
Très beau livre. Bon rapport qualité prix. Les techniques de base et pour aller plus loin dans le Nail Art. Pour que mon aimée soit magnifiée.",2
"Prise
Ce produit est excellent, je vous le recommande vivement. Trés pratique pour avoir des prises en plus sans encombrements et sans visibilité. Livraison très rapide.",2
"Super produit je vais conseiller à mais amis
Le produit est vraiment pas cher quand un bijoutier vous met une de montre qui vous prend 10 euros. C est du vol",2
"Bien
Ils sont gros, peuvent peut-être être plus fins mais sinon nikel et collent très très bien",2
"Tout juste reçu, agréablement surpris !
Il faut savoir que je poste jamais de commentaire sur aucun produit. Ce produit fait exception car, le magsafe ayant disparu sur les nouveau macbook, il me semble important de mettre en avant les produits de bonnes qualité. L'aimant est de bonne qualité, il supporte largement le poids du câble, il fonctionne dans les 2 sens, le câble est aussi long que le câble fourni par apple, Le tressage donne l'impression d'une bonne robustesse (à voir avec le temps...) Le seul bémol est le packaging, plutôt basique, j'ai cru recevoir un autre produit, j'ai du le déballer complètement pour être sur que c'était bien ce que j'avais commandé Je recommande donc ce produit, conforme à mes attentes.",2
"Spot de bonne qualité.
j'ai installé les spots dans une salle de bain , fonctionnent parfaitement , bonne luminosité , spots de bonne qualité.",2
"Un peu fragile mais efficace
Se tord facilement mais reste très efficace.",2
"Je recommande ce produit !
J'ai acheté ce produit pour les brosses exfoliantes visages et corps ( en sachant que ma peau est sensible). Il répond à mes attentes : exfolie en douceur les peaux mortes et relève les poils incarnés sur les jambes . Cela fait 1 semaine que je l'utilise 1 fois par jour et je vois déjà l'effet sur ma peau ! Les brosses se lavent facilement sous l'eau après chaque utilisation . Pour le moment je suis satisfaite de ce produit .",2
"""Copland"" est un film très réussi avec un casting époustouflant (Sly Stallone, Robert De Niro, Harvey Keitel et Ray Liotta) et des prestations plus exceptionnelles les unes que les autres et en particulier Sylvester Stallone qui est magnifique dans ce rôle à contre-emploi ! C'est probablement l'un des meilleurs films de sa carrière puisque celui-ci, loin d'être un super héros, incarne un shérif simplet et timide qui va se trouver plongé dans des magouilles policières dignes de la mafia. Effectivement, ici Sylvester efface les pourtant très bon De Niro et Keitel. Notre Rambo change tout, il grossit et redevient le sublime acteur que nous avions oublié depuis longtemps. L'histoire est vraiment bonne, authentique et particulièrement réaliste. ""Copland"" est une sorte de petit chef-d'oeuvre très agréable mais pourtant pas assez reconnus.",2
"2 boîtiers de transports étanches ? et bien foutus !
Livré avec deux boitier de transport étanches ? Forme ovale du chargeur, je n'en vois pas l'intérêt ? Reste à voir sur la durée et à l'usage... Avec la batterie livrée avec l'appareil, ça me fait 3 batteries et un chargeur extérieur en sus de la possibilité de recharge par l'appareil ! Autonomie ? Reste à voir.",2
"Très bon parapluie
J'ai ce parapluie depuis quelques semaines. Pour l'instant j'ai essuyé de bonnes rafales et s'est retourné plusieurs fois mais n'a pas cassé !",2
"Coque de bonne qualité
Bon produit juste la carte difficile a extraire",2
"Super
Une box télé puissante et au top",2
"Top
Vraiment top pour le prix de bonne qualité livre dans les temps",2
"Nickel
Aucun soucis. La Led bleue crache pas mal, dans le noir, mais dans l'ensemble, top",2
"Tres efficace
Ce gel est vraiment super pour hydrater la peau et durablement, plus de sensation de tiraillement ni de sécheresse. Pour les peaux très sèches comme la mienne, il est miraculeux.",2
"adaptateur
Bon produit et bon rapport qualité prix",2
"Cool que Swen de Pauw ai filmé ces entretiens avec le psychiatre Georges Federmann et quelques un de ses patients ! Georges Federmannest très à l'écoute des individus qu'il consulte et ses réponses sont précises, souvant avec 'humour, voire un peu de provocation mais, jamais méchantes ou malveillantes ! Paix et Amour à lui....",2
"Très bons objectifs !
Ces objectifs sont d'une grande qualité. Après les avoir tester durant plusieurs jours j'ai eu une préférence pour le macro qui permet des photos exceptionnelles. De plus, le grand angle offre des rendus de paysages vraiment intéressants. La mise en place d'un objectif est hyper simple et rapide, la pince est très solide et elle dispose de protections pour l'écran.",2
"Parfait
Hyper pratique et indispensable pour domestiquer les forêts de cables",2
"Une des meilleurs box android du marché
Utilisé tous les jours pour regardé la tv, netflix, plex.... Super pratique, rapide et intuitive, seul bémol Alexa n'est pas fonctionnel en France dessus. Pour le moment...",2
"Très maniable et très fin
Très maniable et passe partout dans les re coins de la cheminée Très bon produit",2
"Pourquoi cette très belle adaptation de Julien Gracq, mis en scène par Michel Mitrani, semble rayèe des cartes depuis sa sortie en 1978 ? C'est le grand mystère! Hormis une diffusion tèlèvisuelle qui tenait du miracle sur la chaîne Arte il y a quelques annèes, ""Un balcon en forêt"" semble perdu à tout jamais! C'est pourtant une oeuvre envoûtante au charme pènètrant avec des scènes d'une intensitè rare où dans un fortin, quatre militaires français vivent les dernières semaines prècèdant l'offensive allemande de 1940! Dans le casting, Humbert Balsan, Yves Afonso, l'un des Arcandiers cher à Manuel Sanchez, mais surtout le très regrettè Jacques Villeret, immense, et sans doute là son plus beau rôle avec ""Le passe-montagne"" de Stèvenin! Un grand film mèconnu auquel on n'attend toujours une première èdition DVD digne de ce nom...",2
"Correspond au descriptif
Génial très bon produit",2
"Je suis bluffée
J'avoue que j'étais un peu dubitative du fait du prix mais franchement, en métal argenté il est classe, pratique, parfaitement adapté... Je le recommande vraiment.",2
Impression 3D : le groupe Gorgé soutient et finance la filière - 01net http,2
"Elle marche tre bien
Satisfait pour le prix",2
C'était un très très très beau film !!!! Les vues sont inoubliables (et me rappellent des souvenirs d'un safari). L'histoire est émouvante !!! J'ai adoré !,2
"parfait
Belle surprise ! Le portefeuille arrive dans un emballage qui fait son effet, surtout quand c'est pour offrir ! Le portefeuille est conforme à la description. Je recommande !",2
"Un médecin psychopathe mais intellligent, des employers en grève, des journalistes un peu trop fouineurs et pas discret, des manifestants et des personnes importantes en guerre, bienvenue au Britannia Hospital. Un film quoique un peu bizarre et un peu farfelue, mais avec des personnages très interressants, une histoire peu commune mais qui se rapproche un peu de la science- fiction et de très bon acteurs. Le sujet de ce film me paraît aussi un peu politique. Evidemennt, ce film marque la dernière collaboration de Malcolm Mcdowell et de Lindsay Anderson et c'est aussi le dernier film où le personnage de Mike Travis apparaît pour la dernière fois et disparaît vraiment très bizarement sans émotion. Ce film parle aussi des inégalités dans le monde, de la conscience humaine, mais aussi de l'avance de la technnologie. C'est un bon film mais qui a ses erreurs que se soit en therme de faux raccord et d'accessoires ou de logique mais c'est pas mal et interressant. C'est à voir, que se soit pour les fans de Lindsay Anderson ou de Malcolm Mcdowell ou pour les cinéphiles.",2
Un duo d'acteurs au top avec un Luchini impérial et une Gemma Atterton radieuse au service d'une histoire élégante et intelligente parsemée de quelques bonnes vannes et d'un humour noir assez étonnant. (la fin est grandiose). Ça pèche un peu du côté des seconds rôles et il y a quelques petites imperfections scénaristiques mais sinon ça fait partie des films qui se dégustent.,2
"Parfait!
Conforme à l'image et la description! Livraison dans les temps. Acheté pour une deco de chambre ma fille est ravis!",2
"Autocollants très bien
Les autocollants sont de bonne qualité. Mes enfants en ont collés sur leur vélo, leur télévision, leur housse de téléphone, tablette...et ça tient bien. Il y a beaucoup d autocollants mais pas forcément à notre goût.",2
"MAGNIFIQUE FILM !!!!!! Etant fan du cinéma Israélien, je trouve que ce film (plutôt parodique et chaud) est magnifique ! Une magnifique mise en scène, un magnifique scénario, de magnifiques décors d'Israël, de magnifiques moments de comédie, une magnifique musique et de magnifiques acteurs, alors que demander de plus ? Ca vaut le coup d'aller le voir !!! A VOIR ABSOLUMENT !!! FILM MAGNIFIQUE !!!!",2
"a voir sur la durée
Produit conforme ,mais un doute sur sa durabilité",2
"bon produit
Efficace quand on est enrhumé et qu'on peut pas dormir la nuit",2
"Bon matériel à u prix très raisonnable
Excellent rapport qualité prix avec des possibilités d acquérir des accessoires. J ai aussi la tronçonneuse et la taille haie. Aucun problème depuis l achat",2
"Bien pratique
Bien et le pot est assez pratique pour poser le pinceau",2
"Bon sac
Sac nike de bonne qualité , Grand avec de multiples rangements . Sac souple parfait pour la sport type fitness",2
"Bon blaireau
Utilisé depuis plus d'un an, vieillit bien et toujours aussi efficace",2
"Magnifique
C'est top je lai utilisé pour les vetement de ma petite fille c'est juste magnifique",2
"efficace
éclairage puissant , avoir avec le temps",2
"Si le scénario n'est pas le plus original, il reste cependant celui qui fait le plus penser à""Peter Pan"". J'ai encore adoré. J'ai trouvé ce dessin animé vraiment magique. Les dessins animés de la fée Clochette sont tous très réussis.",2
"Sac Minnie
Très joli sac. Je l'utilise au quotidien. Il est assez grand. Ravie.",2
"Bon Vendeur
J'ai reçu le produit en avance de plusieurs jours, emballé dans une enveloppe à bulles, bien protégé. Je recommande ce vendeur.",2
"Achat sympa
Très joli mais toutefois un peu petit.",2
"C'est un film pour tous les parents, notamment ceux qui font le choix de l'école : les témoignages et les images donnent envie de passer plus de temps avec ses enfants, pour le bien de tout le monde. C'est aussi un documentaire sur l'apprentissage autonome hors école, avec à la fois des témoignages de parents de grands enfants et des entretiens avec des spécialistes de la question (Gatto, Alan Thomas). Le film est à la fois accessible dans son approche (une maman se pose des questions et cherche des réponses) et magnifiquement réalisé.",2
"Vendu comme neuf
Produit en parfait état, sauf que l'emballage avait déjà était ouvert, puis scotché. Vendu comme neuf serait plus approprié comme définition.",2
"Courte durée
Une semaine d'utilisation, déjà un faux contact sur l'écouteur gauche. Par contre un SAV a l'écoute et réactif j'ai reçu un remplacement et tous va bien.",2
"Produit nécessaire au jardin
Il sera utilisé pour mes quelques arbres. Ce que j'effectue tous les deux ans environ.",2
"Sel epsom
Super pratique avec son couvercle et sa dosette",2
"bel effet
très simple d'utilisation,prévoir une coupe assez large pour que l'eau ne se déverse pas à terre.il faut un soleil direct pour que la pompe fonctionne.",2
"Bien
Un peu grosse et le séchage ne peut pas se faire qu'avec la brosse sinon trop long donc un coup de sèche cheveux avant est conseillé",2
"Fais le job.
Je mets 4 étoiles car j'ai déjà tordu un goupillon... Utilisation depuis quelques mois pour nettoyer une fontaine à eau pour animal de compagnie.",2
"Très bien
Parfait, cela a résolu mon problème de fuite!",2
"articles pour Barbie
Ma petite fille est très contente de ce produit. Bon rapport qualité prix.",2
"excellent film d'action avec un duo qui arrache tout de bout en bout, court mais intense, un ou le meilleur film avec dolph lundgren",2
"Cadeau très sympa
Conforme à la description. Je recommande. C est très jolie",2
"Bon rapport qualité prix
Le produit répond à mes attentes, j'allume facilement mon insert. Très satisfaite.",2
"Au top
Très bon produit, le pied est très beau et design et le tout est facile à monté et modulable à volonté.",2
"Très bien
Fonctionne très bien même dans le temps la couleur est exactement blanche",2
"Un pyjama au top
Super content, qualité et confort au rdv le dessin à l'air costaud, on verra aux lavages",2
"Pour tous ceux qui aiment ""Les neiges du Kilimandjaro"", il est èvident que Jean-Pierre Darroussin et Ariane Ascaride ont trouvè là l'un de leurs meilleurs rôles! Si l'on s'intèresse à la construction des histoires, comment ne pas admirer l'ingèniositè du scènario et particulièrement la façon si belle d'arriver à un hymne à l'amitiè qui bouleverse! A travers cette fable sociale, Robert Guèdignan montre comment la misère et la mondialisation ont dressè deux gènèrations l'une contre l'autre! Nul doute que le personnage le plus important du film, celui vers qui convergent tous les regards, soit Jean-Pierre Darroussin, volontairement ordinaire, honnête, et choisi plutôt au-dessous de la moyenne (physiquement tant qu'intellectuellement) pour la plus sûre identification du public! Ce dernier forme avec Ariane Ascaride un couple superbe dans cette oeuvre humaniste, traversèe par un èlan de bontè! Et puis, comment ne pas frèmir devant la scène magique du cadeau d'anniversaire de mariage où l'on entend la chanson magnifique de Pascal Danel qui donne son titre au film! Ascaride est gigantesque de talent dans cette sèquence parce qu'elle procure en quelques secondes une ènorme dècharge d'èmotions qui touchent au plus près le spectateur alors que le film de Guèdignan vient seulement à peine de commencer...",2
"Un trépied de qualité et fonctionnel !
J'avais besoin d'un trépied pour mon Canon g7x et vu le prix de l'appareil photo, je n'avais pas forcément les moyens de mettre beaucoup d'argent dans cet accessoire . J'ai donc acheté ce produit sans bien grande conviction et pour vous dire la vérité, j'ai été franchement bluffé ! Non seulement j'ai été surprise par la qualité de ce trépied (vu le prix, je m'attendais à une gamme en dessous niveau solidité) mais en plus il est pratique à utiliser. Léger et très peu encombrant, on peut le transporter partout dans son sac de rangement. On a la possibilité de le régler à la hauteur que l'on souhaite grâce à son système de clipse, ce qui est bien pratique. Je ne regrette pas cet achat !",2
"Alors ce film, que dire... j'en demanderais bien encore!! Effets spéciaux miteux, qualité visuelle pathétique (notamment les stock-shots piqués à Star Wars, mais LOLEEEU!!), les costumes pitoyables (notamment les méchants serviteurs du vilain empereur, avec mention spéciale à la coiffe de ce dernier, et la palme d'or aux momies en papiers toilettes), les acteurs vraiment... convaincants (surtout Cuynet Arkin et ses prises de karaté, ses mimiques, ses cris et tout et tout: le Bruce Lee Turque quoi), les violations du copyright (du genre Idianna Jones à l'assaut des troupes du maléfique Empire, mais encore LOLEEEU!!) La liste est fort longue et un amateur de nanars ne peut guère porter ce titre s'il n'a pas vu ce monument du cinéma, de Turquie et d'au delà. Avec des trucs pareils, je suis sûr que même Georges Lucas a dû pardonner aux turcs s'il a visionné le monstre en question. La palme revenant d'ailleurs à Cuynet Arkin pour sa meilleur prestations dans ces fameuses turkisheries. Enfin bref, un nanar culte, à regarder un soir entre potes amateurs, ou bien seul après une journée de travail particulièrement éprouvante, ce qui vous requinquera comme pas possible.",2
"Bon achat
Je ne regrette pas cet achat, bien pratique on peu faire beaucoup d'exercices costaud j'adore. Petit bémol pas de pompe dans le colis heureusement que j'en avait une chez mois. Je met 4 étoiles quand meme.",2
"Pratique
bonne qualité et super pratique, je recommande",2
"Bon Drone débutant
A la maison pour loisir",2
"Classe!
Offert en cadeau, il a plu aux deux: le donneur et le receveur. Je trouve que ce sac permet de rester dans l'univers d'Harry Potter tout en restant sobre et adulte. Le sac est juste à la bonne taille ni trop petit ni trop gros et est d'une forme originale. Dommage que le porte feuille soit aussi cher car on l'aurait bien pris avec et dommage aussi qu'il n'existe pas de porte-monnaie assorti tout simple.",2
"ok
Comme d'habitude depuis des années, avec Amazone Il n'y a pas de problèmes et je commande en toute confiance Merci pour toutes ces commandes",2
"appareil de qualité
très bel ensemble téléphone trois postes, facile d'utilisation et de mise en service, très bon emballage , je le recommande vivement",2
"Un bon film d'un metteur en scène espagnol (catalan) assez culte en Espagne: image d'un surréaliste , érotisant, deluré.. Mais il reste très peu connu en France. Il a un don de découvreur de jeunes talents et le prouve encore dans ce film; Penelope est superbe , mieux filmée que jamais plus tard. Elle joue à merveille la jeune fille désabusée, pure,et coquine à la fois.La mise en scène est à la fois sobre dans l'image , mais bien léchée, sous une forme un peu Hyperéaliste.. Stefania Sandrelli est toujours très belle et nous rappelle sa grande époque, par sa sensualité fougueuse. Bardem est très bon dans ce rôle de macho au coeur tendre.;Et puis le drame est assez classique , on est presque chez Shakespeare , avec Romeo et Juliette, les 2 familles ne peuvent s'entendrent. Il y aura du drame. Il y a une grande perversité, tout le monde couche un peu avec tout le monde. On est très proche de l'amour interdit , presque incestueux et dans la lignée aussi du grand Bunuel provocateur..Quelques scènes désopilantes comme la corrida de nuit , par 2 hommes entièrement, on touche à de la haute symbolique.. Un film à voir, car vraiment très unique et rare, Vaudrait dans l'absolu 2 étoiles, mais en gagne une troisième par son originalaté, son culot, son impertinence et la beauté érotique de Pénélope qui crève l'écran.",2
"Sympa
Rempli bien son rôle de déco mais pas fluo...",2
"Je connais encore assez mal Brisseau mais ""A l'aventure"" est un film passionnant car il s'inscrit dans une démarche, pas moins passionnante. Après ""Les anges exterminateurs"", il poursuit donc sa quête du plaisir féminin. On y retrouve la même atmosphère, les mêmes thèmes qui se mélangent avec le sentiment que le réalisateur va cette fois-ci plus loin. Il aborde, comme peu de monde aujourd'hui dans le cinéma français, la question du mysticisme, au sens propre du terme. Une question qu'il confronte à la science en nous livrant de véritables cours de l'histoire de l'humanité. Dès lors, il est aussi question de la place de l'homme. Le film porte d'ailleurs en lui une forme de frustration (accentuée par son titre), de par son impossibilité à totalement se libérer (sexuellement mais pas seulement), enfermée que sont les personnages par leur corps, vu comme une prison. Et que les cadres très serrés mettent en avant. Il y a encore plein de choses à dire sur ce film : la place du verbe, très rohmérien, le côté très nouvelle vague, aussi. Enfin, pour ne rien gâcher, Brisseau y filme une beauté incroyable, du nom de Carole Brana.",2
"Satisfaite
Belle coque qui recouvre bien le téléphone. S'adapte très bien sur le samsung galaxy A5 2017. Le seul point négatif c'est qu'en extérieur la visibilité est pas terrible. Mais le téléphone est bien protégé et pas de problème de tactile.",2
"Animal Kingdom, réalisé par David Michôd avec Guy Pearce, James Frecheville et la super Jacki Weaver. Ce drame noir, est juste super, à la fois troublant, intense, immersif, imprévisible, percutant, puissant.. Le film propose, une violence sourde qui rend le film bouleversant et poignant, avec une superbe intro ""chock"". La mise en scène est somptueuse et élégante, avec des plan et des ralentit par fois harmonieuse. Mais elle est moins innovante et moins rechercher que dans The Rover, mais le film reste bien meilleur. La photographie est très belle. Le scénario est très bien écrit et impactant. Le casting est très bon, Jacki Weaver mérite totalement sa nomination aux Oscars ! Frecheville est impeccable avec un personnage intriguant qui est ""perdu"" et troubler dans sa vie assez compliquer, Ben Mendelsohn est lui aussi parfait dans son rôle avec sont personnage impactant.. La bande son est vraiment réussite. Aucun défaut mise à part qu'il manque un peut plus d'action et de rythme.. Tout le film et le récit de bout a bout est magistralement maîtriser. L'immersion est parfaite.. Quoi dire d'autre... En trois mots ce film est poignant, impactant et surtout bouleversant.",2
"gros potentiel
Personnellement je n attendais pas grand chose de ceux jeux et je dois dire que j ai adorer, c est un très bon jeux de survie (farming), dans la lignée d'un Fortnite en plus réaliste.",2
"Tapis basique qui trouve sa place.
Mis dans son panier. Au départ monsieur, faisait la fine bouche, maintenant il y sieste tous ses après midi avec plaisir.",2
"MV Power 40W
J'ai mis 4 étoile car la livraison a été faite à temps. Je ne peux pas écrire grand chose car j'ai retourné l'article suite à une erreur de commande...",2
"BON MARERIEL
j'utilise cette pompe pour la rénovation d'une fontaine d'appartement .",2
"un petit polar sympa qui se laisse regarder avec un personnage de flic assez singulier. pas de temps mort dans ce film qui restera peut etre pas dans les annales mais qui s'avéré finalement plutot intéressant, plus en tout cas que ce qu'en laisse penser le synopsis. a voir en VO bien sur!!",2
"De l'imagerie inspirée de ""La chute de la maison Usher"", chateau, hantise de la folie et de l'inceste, aristocratie décadente et suicidaire... avec le freudisme comme interprétation et élément de l'imagerie en même temps. Ce qui est étonnant dans ce genre de production c'est que ça a l'audace de jouer l'horreur au premier degré, à la limite du grotesque, mais avec aussi un savoir faire très malin dans la réalisation. C'est finalement plus captivant que les parodies ou seconds degrés des Burton, Rodriguez ou autres.",2
"Petit défaut
Les lanternes sont jolies et leur lumière est très sympa. Mais j'ai enlevé une étoile car les couvercles ont présenté des traces de rouille dans le repli du bord après quelques jours passés dehors. Si j'avais pu le prévoir, j'aurais passé une couche de vernis métal transparent, cela aurait éviter cette rouille déplaisante. Mis à part cela, je recommande tout à fait ce produit",2
"Très bien pour le prix
Livré avec les ampoules LED, pour le prix, la qualité du produit est très bien ! Facile à poser ! Je recommande vivement !",2
"Voilà un film que les amateurs de SF devraient apprécier. Certes, on peut toujours redire sur le jeu particulier des japonais ou le déroulement classique de l'intrigue mais Space Battleship demeure un excellent spectacle qui se démarque des grosses productions américaines actuelles par un premier degré d'une naïveté assez touchante et qui trahit surtout un respect sincère du genre space opera. Hollywood ferait bien de s'en inspirer au lieu de cracher sur le genre en se servant systématiquement de l'autodérision pour justifier les idées plus folles auprès du grand public. Space Battleship assure visuellement avec un design de vaisseaux superbe et des scènes spatiales musclées vraiment bien foutues qui donnent l'impression à plusieurs reprises de visionner une version live d'Albator.",2
On ne cesse de rigoler devant les scènes incongrues que présente cette belle surprise du cinéma russe.,2
"Correct
Livraison rapide, semble correct, plus qu'à voir dans le temps pour la tenue de la couleur et du tissu...",2
"Super
J ai équipé ma maison de panneaux il fait un noir absolu lorsque les rideaux sont fermés, et sa garde bien la chaleur. Je recommande. La preuve j en ai même commandé pour des amis qui en voulaient eux aussi le top",2
"L'un des plus magnifique film que j'aie pu aller voir !!! Quel chef-d'oeuvre !! ... mais quel regret qu'il soit répertorié parmi les films qui n'ont ""pas été vus"" ! Je n'attends qu'une chose : la sortie d'un DVD en France pour l'acheter !!!",2
"Pour les fans un vrai MUST !!
J'ai découverts ce livre en décembre pour les fetes et à chaque page que je tournais mon esprit de petite fille refaisait surface. Pour celles et ceux qui sont comme moi des fans de la saga HP il vous faut absolument ce magnifique ouvrage, qui permets de rentré plus en détails sur les personnages, les secrets du films et des tournages et les petits ""trucs"" en plus qui font de l'univers HP un monde magique. En prime dans le livre, la carte du maraudeur, la vrai lettre qu'Harry reçoit dans le livre tomme 1 pour intégré l'ecole de Poudlard et plein de jolies surprises que je ne veux pas vous spoiler..",2
"Roulettes chaises de bureau
Remplacement de roulettes défectueuse sur une chaise de bureau. Article idem à celui d'origine, livraison rapide et conforme. Il faut bien consulter le descriptif détaillé de l'article que l'on désire acquérir.",2
"Je suis stupéfaite que cette superbe histoire ait reçu un si mauvais accueil de la part des professionnels. Alors que nous avons là un film magnifique. En outre, j'ai remarqué que ce film est mal distribué en salles. En tout cas, là où j'étais, en ce 1er mai la salle était comble. L'on est face à un monsieur désespéré qui vient de perdre sa femme tragiquement et qui ne s'en remet pas. Il part au Japon dans une forêt et là-bas, tout ce qui va se passer, va lui redonner le goût de vivre. C'est un film à la fois âpre, triste et splendide.",2
"Juste magnifique
Exactement conforme à la photo. Très joli modèle. Cadeau tres apprécié. Cordialement",2
"bien
je viens de l'utiliser plusieurs fois sur mon Canon 6D marche parfaitement , le bouton se verrouille pour la pose B pratique .",2
"Superbe
Superbe tendeur très robuste je recommande vivement",2
"Jolie, solide
Plaque très jolie, solide, fidèle à la description, bonne idée le rouge, elle sera parfaite pour ma boutique artisanale. Objet pratique et en plus décorative, ce vendeur est professionnel, merci.",2
"Un peu délicate l'adaptation du roman de Gorki, heureusement le duo Gabin Jouvet tient toutes ces promesses et permet au film de décoller.",2
"Nickel
Je suis tres satisfaite le debit est bien reel comme indiqué dans la description aucun souci de montage livraison dans les temps je recommande ce produit",2
"Produit de qualité conforme a l'annonce !
Produit de qualité conforme a l'annonce !",2
"Sympa
Petit haut très sympa et jolie à porter, je suis contente de mon choix et à première vu de bonne qualité à voir après quelques lavage.",2
"Ce documentaire est très instuctif, et vraiment très agréable a regarder. On ressent beaucoup de sensations, GENIAL !",2
"Superbe peluche
Adorable petit peluche j'ai également acheté celui qui chante en appuyant sur le ventre superbe collection.",2
"Super!
Reçu plus tôt que je ne m'y attendais, conforme à la photo et bien emballé, ça va faire une heureuse, j'ai hâte de jouer avec elle.",2
N'a t on jamais vu un réalisateur poussé la psychologie de ses personnages aussi loin? Les enfermant dans un huis clos passionnant dans un venise métaphore du showbuisness où tout le monde veut l'argent de tout le monde! Où l'on vit et on meurt aussi vite qu'on est adulé ou oublié! Un film des plus réfléchis sur le cinéma et ses limites a hollywood! Joseph L Mankiewicz ou le théoricien le plus brillant du système hollywoodien!,2
"Excellent.
Excellent charge un peu plus rapide qu'avec mon câble standard.",2
"John HUSTON a rêvé de cette adaptation pendant des années et en 1974 il met en scène un film trop méconnu, acclamé par la critique mais boudé par les spectateurs. Et pourtant, une distribution idéale et jubilatoire (Sean Connery et Michael Caine), des décors marocains d'Alexandre Trauner restituant au mieux l'Inde du 19ème siècle et enfin une liberté de ton et un style caractérisant les derniers films d'Huston. Un très grand film d'aventures.",2
"bien écrit
cette aventure d'une savoyarde au bout du bout du monde est un régal. J'ai eu tout de suite envie de lire la suite",2
"Bon rapport qualité prix
Les chaises sont très belles. Bon rapport qualité prix. Elles sont un peu basses.",2
"Superbes correspondent parfaitement à la description
Rien à dire livraison assez rapide, le matériau est de qualité et elles n'étaient pas abîmées très bon rapport qualité prix !!",2
"Une série au top !
Pour les enfants intéressés par la seconde guerre mondiale, cette série de livres couvrent tous les points importants de la seconde guerre mondiale.",2
"Jolie
Jolie cuillère avec décoration très sympa, je recommande l'achat",2
"Satisfaite
Rapide à monter, satisfaite de ma commande",2
"délai, conformité
délai respecté, emballage de qualité, produit conforme",2
"Bon produit, correspond à la description de l'annonce, le prix est correct et pas cher. La livraison rapide et soignés
Bon produit, correspond à la description de l'annonce, le prix est correct et pas cher. La livraison rapide et soignés",2
"Coque rigide
Elle est bien adaptée et solide mais reste glissante en mains",2
"Merci
Ils sont très très bons pour mon petit garçon de 2 ans.La matière est très belle.",2
"Très pratique
Très pratique à utiliser, mais pas à monter.",2
"BONNE UTILISATION
Terminé la bataille navale pour rincer le shampoing des cheveux de mon fils. Gabriel a bien compris que cet objet était la pour lui rendre service. J'en suis très contente et je l'utilise moi même defois pour me rincer.",2
"Un film drôle, extravagant, avec des personnages aussi farfelus que déjantés, tout droit sortis de l'asile. Bref on ne s'ennuie pas une seule seconde. Une bonne surprise que ce film peu connu en France, réalisé par les frères Farelly (Mary à tout prix, Fous d'Irène).",2
"excellent film, qui detourne les regles des films d'horreur ça n'arrete pas du debut à la fin, super stressant mais genial !",2
La référence à Jacques Demy et le côté rétro du film sautent aux yeux. Mais Christophe Honoré est avant tout un réalisateur encré dans son époque (comme Alex Beaupain est un compositeur de son temps). Il réussit à faire cohabiter ces 2 choses avec un talent et une finesse rare. En résumé j'ai bien aimé.,2
Un petit bijou. Plein de tendresse et de poésie. Des personnages attachants... Nous avons passé un moment délicieux.,2
"Bluetooth filaire
Casque conforme au descriptif. Attention le casque ne marche que si l'on met le Bluetooth donc facteur supplémentaire de décharge de la batterie. Sinon livraison relativement rapide.",2
"Pour l'Histoire du cinéma ce film est une date importante puisque ce film est considéré comme la naissance du néo-réalisme italien. Rosselini s'ouvre une nouvelle carrière après une première partie sous le joug du fascisme. Tourné avec très très peu de moyen, au jour le jour, avec la débrouillardise et la créativité, il fut tourné d'ailleurs sans enregistrement sonore ce qui est, par contre, gênant puisqu'aujourd'hui encore il existe un décalage. Mais une broutille comparée à l'oeuvre et à ce qu'à réussi à faire Roberto Rosselini avec si peu de moyen. Tourné en 1945, dans une Italie encore en ruine et en reconstruction le film rpend toute sa dimension justement si on occulte pas la période durant lequel ce film se fait et sa raconte. La réalité brute, la réalité sociale telle qu'elle est doit être montrée et Rosselini montre parfaitement les déboires d'un quartier, entre le jeu du chat et de la souris entre la résistance et l'armée d'occupation allemande. Ce réalisme est à son comble lors de trois scènes d'exécution, parmi les plus marquantes car elles ne sont jamais tirées en longueur, jamais la caméra ne s'apitoie, sans fioriture ni mélo Rosselini filme simplement des exécutions froides, sommaires et tragiques. Par contre quelques détails frappent, comme les allemands qui fouillent en dilettante ou le fait que Rosselini semble confondre SS et Gestapo... Notons l'importance des enfants (d'après histoire vraie, des enfants ayant pris part aux insurrections de libération), leur courage mêlé à leur innocence en font des symboles de la renaissance et ajoute une pincée d'optimisme en l'avenir. Un chef d'oeuvre amlgré ses petits défauts, un grand film car son tournage et sa portée dans l'Histoire font qu'il ne peut en être autrement.",2
"Conforme
Conforme au produit KN. La voiture respire mieux. Le prix sur Amazon est pour le moment (début avril 2019) moins cher que partout ailleurs donc intéressant ( entre 10 et 20 euros de moins).",2
"Superbe
Principalement pour les frites, c'est ma seconde actifry. La premiere je l'avais commandé sur amazon, et elle a durée 9 ans ! Elle vient juste de me lâcher. Du coup, j'ai repris la même (après en avoir pris aussi pour ma mère il y a 2 ans). C'est pour dire à quel point j'adore ce produit ! Les frites sont excellentes, et pas grasses du tout !",2
"Simples et efficaces
Des chevilles simples à utiliser et multi-matériaux. Parfaites pour des cadres et étagères dans du placo.",2
"Très bien
Très bien. Rend les cheveux doux",2
"Très touchant
Livre très touchant je l'ai lu en quelques soirées à peine,dur d'en décrocher! Bien écrit, lilly nous livre son histoire qui ne peut laisser indifférent. Je recommande.",2
"Plutôt bien
Le design est sympa. Ils sont plutôt confortables mais ils ne sont pas du tout épais... Ils sont très souples donc ça ne rehausse pas et c'est dommage ...",2
"Absolument fan
Très contente de mes fondants Yankee Candle home inspiration, les odeurs sont sympas et la diffusion aussi, je recommande",2
"gateaux de nouveau parfaits
bien solide utilise immédiatement",2
"Pratique en cas de défense
Je n'ai pas eu encore l'occasion de m'en servir, heureusement. Mais le format est pratique. Pour aller courir, c'est l'idéal",2
"Esthétique et très pratique
L'ensemble des 5 boites de rangement est très esthétique et pratique. Les boîtes sont hermétiques.",2
"Nike
En plus du logo , il est d'un beau noir geai , et pour le prix j'ai un Nike bien fini",2
"Un bon film, bien ficelé avec une fin particulièrement soignée. A voir. Kenavo",2
"Brosse de bon rapport qualité prix
Acheté pour ma fille en complément d'un GHD, d'utilisation simple et pratique, accessoires fournis avec sympa. Achat conseillé car de bonne qualité",2
"Il est de ces films, comme de certains livres où l'on se dit... C'est l'Histoire, pas celui qui la raconte. Alors perdus, égarés dans ce monde, dans ce récit qui nous est imposé, on s'abandonne, bercés par les vagues.",2
"Difficulté pour l'installation
Surveillance de l'arrière de la maison.Gros soucis pour la mise en route de cette caméra, je galère pour la paramétrer aussi bien sur mon portable que sur la tablette.",2
"Génial avec la Freebox 4k
Commandé pour pouvoir utilisé Netflix sur la freebox 4k, c'est un pure bonheur. Super pratique, rien à dire sur l'installation, juste un branchement. Seul petit bémol, avec mes gros doigts, le pavé tactile ne comprend pas toujours que je glisse mon doigt, et pas que je ne zoom pas ;-).",2
"porteur pousseur bébé
offert à mon fils pour ses 1an. Correspond tout à fait à mes attentes",2
"Boite du jeu en Italien. Mais bien multilangues dont français.
Pas de beug a signaler. Top pour amateur de jeux vidéo Lego. Et même code bonus pour ""mode vacances"" des indestructibles a l'intérieur!",2
"conformes!!
conformes livraison rapide merci",2
"ex cel lent !!!
performant et mini encombrement. un bon outil à emporter partout, si nécessaire..",2
"tres bien
à part les difficultés de livraison avec gls l'article est tres bien",2
"Très bon produit.
Bonne qualité. Très agréable au toucher. Très pratique pour changer de sac sans changer l'organisation ! Je recommande après plusieurs mois de pratique.",2
"Satisfaisant
Article conforme à l'image mais la livraison a été plus longue que prévue le Rapport qualité prix Est Tres moyen",2
"Satisfaisant
Pas encore tester mais la prise en main est bonne et l utilisation semble se faire en toute sécurité.Le remplacement des lames est aisé.",2
"Banane stylée
Satisfaite de ma pochette banane que j ai reçu rapidement et juste à temps pour mes vacances de carnaval.",2
"Identique à la photo
Bonne qualité. Délai de livraison respecté.",2
"R. A. S
très contente de cette achat facile d'utilisation et bonne précision.",2
"Construction soignée ...et lourde !
Déjà , un coup de chapeau aux employé-e-s d'Amazon pour leur rapidité ...Livraison prévue Lundi et reçue aujourd'hui samedi ! En ce qui concerne cette RYOBI , rien à dire ! A peine arrivée , testée en ébarbage sur un portail en construction avec le disque fourni . La qualité est indéniable pour ce prix , une construction et une ergonomie soignée et une robustesse évidente ( à voir dans le temps bien sur...)qui se voit dans le poids de la machine , démarrage progressif du disque . Donc , pour le prix de 2 meuleuses de piètre qualité , offrez vous celle là sans hésiter !",2
"Au top
Super livre pour coudre pleins de petites tenues pour poupée, et au vue du prix de vente des vêtements pour poupon c'est un ouvrage vite rentabilisé !! Explication détaillée large de couture à rajouter ce qui est un peu dommage....",2
"Il n'y a pas à dire: Clint Eastwood fait du très beau cinéma. Jamais bavard, toujours juste, simple, et en même temps fort et touchant ... ""Million dollar baby"" en est l'exemple parfait. Avec son approche classique habituelle, Eastwood nous raconte avec une grande lisibilité une histoire où reviennent ses thèmes récurrents: le sentiment de culpabilité, la motivation, l'ascension vers la gloire et la chute ou encore les conflits familiaux sont encore une fois traités avec intelligence et authenticité. L'interprétation est particulièrement remarquable, avec en tête la bouleversante prestation d'Hilary Swank. Clint Eastwood signe une fois de plus un film très fort ... à voir, à ressentir, à méditer.",2
"""Il ne faut jurer de rien"" est un excellent film, très bien réalisé, avec des plans superbes,un mélange de couleurs foisonnant,alternant plongé, contre plongé..., de plus l'époque est bien retranscrite, les personnages sont vraiment bien joués notamment la baronne de Mantes. C'est une comédie légère, marrante, cocace... avec une superbe musique de film",2
"Batterie Lipo
Bonne batteries pour le drone hubsan 501s bonne autonomie tres satisfait je recomande ce Produit",2
"Lumière
Ne fonctionne qu'avec la lumière du jour, sur dur en hiver",2
"Excellent achat.
J'ai installé ces cartouches sans aucuns problèmes. Elle ont été reconnue instantanément par l'imprimante et ont très bien fonctionné. Nous verrons leur autonomie mais pour l'instant, vu le prix, c'est un excellent achat.",2
"Très pratique
Pour offrir à une personne qui part en vélo, ce glisse parfaitement dans les sacoches",2
"Satisfait des produits achetés
Jusqu'à ce jour tous les produits commandés chez amazon ont satisfaits ma demande, je ne peux que recommander le site Amazon",2
"Poubelle double
Pratique et compacté volume pas trop mais suffisant pour tenir une semaine à 3 personnes",2
"Bon produit
Bon produit Efficace, ça n'occupe pas de place pour les personnes comme moi qui veulent se dépasser d'une table Malgré les petits traits qu'il peut laisser lors du repassage",2
"Parfait pour un effet bouffant sous une robe
Top! Très bel effet sous la robe. Je recommande. Prendre sa taille.",2
Grandiose! Simplement du jamais vu... La deuxième partie est déjà un monument du cinéma...,2
"bien
bon rapport qualité prix",2
"Un magnifique film muet français (apparemment en 1926 les réalisateurs français semblaient plus ambitieux) avec un excellent scénario sur fond de tension russo-polonaise au temps de Catherine la grande ; Le Joueur d'échecs comporte pas mal de belles séquences notamment à la fin avec la découverte des automates du Baron Von Kempelen. Belle interprétation aussi, les acteurs n'ont pas les excès de certains comédiens des films muets.",2
"Indispensable
Un indispensable qui m'a beaucoup aidé à comprendre comment fonctionnait le sommeil de bébé. A lire dès la grossesse !",2
"Coque pour c8
Replacement de la coque très endommagé",2
"""Collateral"" est un polar brillant, un thriller envoutant, un putain de grand film, un chef d'oeuvre !!! Dans ce film, on suit Max, taxi de nuit à Los Angeles, et Vincent un tueur à gage implacable et fan de Jazz qui monte dans son taxi en se faisant passer pour un businessman, il lui propose 600 dollars pour qu'il le mène de nuit à travers L.A pour cinq ""rendez-vous""... Et dès le début du film, on sait que Michael Mann va nous transporter dans une éblouissante expérience de Cinéma ; images soignées et stylées, mise en scène parfaite, nimbée de musiques magnifiques : un thriller virtuose et stylisé ! Tom Cruise et Jamie Foxx sont formidables dans un face-à-face génial et prenant. Ce-dernier est d'abord (et ça se comprend) effrayé par ce personnage violent mais bourré de charme, et puis, au fur et à mesure du récit, des liens se tissent et ils deviennent presque proches... Ce film contient en plus de très bons seconds rôles ; Jada Pinkett Smith, Bruce McGill, Mark Ruffalo, Javier Bardem... Quand on lit le synopsis, on se dit que l'intrigue est très simpliste et que ""Collateral"" n'est qu'un vulgaire film d'action... Mais il est bien plus que ça : c'est un polar des plus réussi, une réflexion sur l'évolution des grandes métropoles, la corruption, l'épanouissement humain, et c'est signé Michael Mann, car, qui d'autre que lui (à part Scorsese) sait filmer les grandes villes Américaines, leurs quartiers d'affaires, leurs boîtes de nuit, leurs polices, leurs gangsters (leurs vice quoi !) Il nous l'avait déjà prouver avec ""Heat"", l'un des plus grands polar de tous les temps, et avec ""Miami Vice"" moins bon mais quand même réussi... Donc voilà, ""Collateral"", c'est tout ça à la fois et bien plus encore ! Exceptionnel.",2
"très bon rapport qualité prix
La manette à une bonne prise en main. La livraison à été effectué avant la date prévue et le colis était en très bon état. Cependant il faut s'habituer aux chiffres à la place des carré, rond, triangle et croix.",2
"Un des meilleurs téléphones Sony depuis longtemps !
À la recherche d'un double sim (pour combiner la sim perso et la sim pro), ayant une meilleure autonomie que certains autres téléphones (dont des Sony), et étant un adepte des Sony, mon choix s'est porté sur celui-ci. Et après quelques mois d'utilisation, j'en suis ravi ! Ma batterie tiens entre un et deux jours, là où mes anciens téléphones ne passaient pas la journée, voir même pas une demi-journée. La couleur est juste magnifique, mon seul regret est que Sony n'est pas sorti l'étui d'origine de la même couleur (ils proposent du blanc, et non du gris chromé). Pas de bug, ni de latence, un des meilleurs Sony que j'ai eu dans les mains depuis longtemps. Et 64 Go qui suffisent parfaitement à mon bonheur. Acheté en plus à un super prix à l' époque.",2
"Vanity
Produit vite livré et répondant à mes attentes . Joli aspect bonne taille utile la laniere de transport merci à bientôt",2
"Pratique
Produit utilisé presque tout les jours, très pratique mais manche trop court...",2
"Samsung A6
Facile d'utilisation, bon rappot qualité prix. Je le conseille.",2
"Je recommande
Super satisfaite de ce sac, pratique, taille idéal, nombreux compartiments et plutôt stylé. Je recommande. Mon pc 15,5 pouces entre facilement dedans.",2
"Ne pas brusquer
Petite statuette Android de qualité et bien fabriquée, attention par contre à ne pas vouloir lui incliner les bras ou bouger quoi que ça soit, ça n'est pas fait pour.",2
"Mignon
J'aime beaucoup ce kit. Ce que je reproche c'est qu il y a pile poil le nombre de perles pour pouvoir faire chaque figurine opinion. Min fils adore",2
"Apprécié des oiseaux
Les oiseaux adorent. Je cherchais des boules sans filets et j'ai enfin trouvé. Par contre je trouve le prix un peu fort.",2
"Un polar bien sympathique
Détroit, un sérial killer, un flic qui a bien l'intention de lui mettre la main dessus... Un prix à payer non négligeable. Une nouveauté pour moi car j'avais lu deux autres romans de cette auteur bien différents et dans une autre catégorie. Ce qui est sûr c'est qu'elle écrit toujours aussi bien et que c'est toujours agréable à lire. Ne vous privez pas, c'est une nouvelle courte qui se lit vite et qui en vaut la peine.",2
"verre tempé SAMSUNG A5 2017
après avoir cassé mon 1er verre de protection, j'en est recommandé , un toujours aussi bien est rapide pour commandé et recevoir le produit . merci encore",2
"Satisfaite
Carrément magique, des cheveux faciles à coiffer, un très beau rendu, je recommande",2
"Après avoir été séduit par ""Clochette et le Secret des Fées"", je ne pouvais que me décider à regarder les autres opus, sortis directement en DVD. C'est donc avec ce premier épisode que je continue les critiques de la franchise Disney Fairies. Et franchement, on est totalement subjugué. Le Monde des Fées est absolument surprenant et enchanteur et on aimerait vraiment y aller. Les personnages sont loin des stéréotypes qu'on a d'ordinaires, et s'avèrent bien travaillées. Le tout est porté par des chansons et une musique absolument grandiose (bravo à Joel McNeely, un compositeur de talent dont j'ai beaucoup apprécié la suite instrumentale, particulièrement le thème principal des Fées), ainsi qu'un doublage VF des plus convaincants. Autant avec Lorie, je me suis dit que j'allais avoir du mal (ah merde, ce que je peux détester ses chansons pour pré-ados !!) mais avec cette performance, elle est bien remontée dans mon estime. L'histoire est des plus intéressante, grâce à la découverte de la naissance de la fée Clochette, qui nous séduit du début à la fin. Et enfin la Fée Clochette s'avère finalement capable de parler, après presque 60 ans de mutisme. Bref, pas ou peu de points noirs pour ce Disney, malheureusement écarté des sorties cinéma à cause de la qualité sans cesse décroissante des films de Disney Toons Studios, filiale de Disney produisant jusqu'à alors des suites bas de gamme (voire disons-le carrément ""de merde"") en terme de qualité -surtout scénaristique- des classiques de la Disney Animation Studios. Et pourtant avec ce film, Toons Studios s'est bien rattrapé. Voilà qui prouve bien que les fées, c'est pas seulement réservé aux filles, et que les garçons peuvent aussi apprécier. On applaudit Disney qui a partir de cette année 2008 a vraiment commencé un véritable renouveau.",2
"Très bon produit
Sac à dos profond avec plusieurs poches intérieures et extérieures pratiques. Il est suffisamment profond sans être encombrant. Je l'adore.",2
"Superbe film avec des personnages touchants, une fin qui nous laisse en suspens, hâte de voir une suite.",2
"Solide
Support portable joli et le couleur magnifique. Bonne achat et satisfait, solide et flexible",2
"Ravie de se kimono
Super jolie ma maman est très contente du coup je lui fait la collection de toute les couleurs La taille est parfaite",2
"T'CHOUPI
jeu qui a beaucoup plu à un enfant de 2 ans. jolie présentation boite en métal, couleur adaptée aux enfants livraison rapide",2
"C'est bien de temps en temps d'avoir un film qui sort du lot, un OVNI ciné, entre grand mélo et policier saugrenu, entre érotisme désuet et film de genre, entre onirisme et poésie. C'est clinquant, c'est excessifs, c'est toc, c'est assumé. Et finalement, l'ensemble constitue une expérience ciné vraiment intéressante. Vanessa Paradis est sublime dans ses scènes de désarroi amoureux. Restez pendant le générique de fin, cela ponctue très bien la projection.",2
"Parfait pour le prix
Pour le prix le produit est parfait et fait bien 10 cm (4 pouces) de haut. Il se fixe sans problème sur une cuvette classique sans rien démonter. Malheureusement livré par la société DPD :-( - après la date prévue - horaires non respectés - livreur à l'attitude désabusée - colis mal en point Heureusement le produit n'était pas abimé. Si je n'avais pas eu besoin en urgence de ce réhausseur, j'aurais refusé le colis.",2
"fixateur
Je suis satisfaite de se spray fixateur. J'en met sur mon teint apres mon maquillage tient toute la journée ne colle et ne fait pas des craquelures. jen met aussi sur mon rouge a levre pour le fixer..c'est super niveau prix je vous le recommande",2
"Super
Super déguisement. Ma petite puce a adoré.",2
